trial_id,t,theta_deg,omega,sensor_ax
T01,0.0,10.0993,-0.0,0.0275
T01,0.01,9.9531,-0.038,-0.0016
T01,0.02,10.0694,-0.0759,0.0106
T01,0.03,10.1819,-0.1135,-0.0006
T01,0.04,9.7466,-0.1508,-0.0001
T01,0.05,9.6415,-0.1877,0.0023
T01,0.06,9.8781,-0.2242,0.0128
T01,0.07,9.569,-0.2601,-0.0014
T01,0.08,9.1547,-0.2954,0.0332
T01,0.09,9.1703,-0.33,-0.01
T01,0.1,8.7629,-0.3638,0.004
T01,0.11,8.5372,-0.3967,-0.0013
T01,0.12,8.4351,-0.4288,0.0363
T01,0.13,7.7426,-0.4598,0.011
T01,0.14,7.5015,-0.4898,0.0275
T01,0.15,7.4387,-0.5187,-0.0231
T01,0.16,7.0372,-0.5464,0.0117
T01,0.17,6.9761,-0.5728,0.0238
T01,0.18,6.3905,-0.598,0.0074
T01,0.19,5.9348,-0.6218,0.0267
T01,0.2,6.1426,-0.6443,-0.0052
T01,0.21,5.4244,-0.6653,0.033
T01,0.22,5.0918,-0.6848,0.0504
T01,0.23,4.3917,-0.7027,-0.0032
T01,0.24,4.1566,-0.7192,-0.0052
T01,0.25,3.8679,-0.734,0.0324
T01,0.26,3.1881,-0.7472,0.0346
T01,0.27,3.0593,-0.7588,-0.0079
T01,0.28,2.4241,-0.7686,-0.0062
T01,0.29,2.0411,-0.7768,-0.0038
T01,0.3,1.5305,-0.7833,-0.0254
T01,0.31,1.5699,-0.7881,-0.0173
T01,0.32,0.7434,-0.7911,-0.0194
T01,0.33,0.0804,-0.7924,-0.0151
T01,0.34,0.0024,-0.792,-0.0008
T01,0.35,-0.8592,-0.7899,0.0041
T01,0.36,-1.0242,-0.786,0.0301
T01,0.37,-1.9056,-0.7805,-0.0213
T01,0.38,-2.2231,-0.7732,0.018
T01,0.39,-2.3568,-0.7643,-0.0064
T01,0.4,-2.6813,-0.7537,-0.0035
T01,0.41,-3.2206,-0.7415,0.0107
T01,0.42,-3.6961,-0.7277,-0.0257
T01,0.43,-4.1426,-0.7124,0.0041
T01,0.44,-4.7779,-0.6955,-0.0006
T01,0.45,-5.0155,-0.6771,0.0056
T01,0.46,-5.3418,-0.6573,0.0012
T01,0.47,-5.4043,-0.6361,0.0442
T01,0.48,-5.9003,-0.6135,-0.018
T01,0.49,-6.6612,-0.5897,-0.0161
T01,0.5,-6.5691,-0.5646,-0.0183
T01,0.51,-7.0213,-0.5383,-0.0172
T01,0.52,-7.3743,-0.5108,-0.0191
T01,0.53,-7.395,-0.4823,0.0172
T01,0.54,-7.5728,-0.4528,0.0216
T01,0.55,-7.8369,-0.4224,-0.0184
T01,0.56,-8.4173,-0.3911,-0.0238
T01,0.57,-8.5193,-0.359,0.002
T01,0.58,-8.5804,-0.3262,-0.0186
T01,0.59,-8.6216,-0.2927,0.005
T01,0.6,-9.0631,-0.2586,-0.0038
T01,0.61,-9.1351,-0.2241,-0.0383
T01,0.62,-9.43,-0.189,0.0229
T01,0.63,-9.5385,-0.1537,0.0278
T01,0.64,-9.2068,-0.1181,-0.0204
T01,0.65,-9.1476,-0.0822,-0.016
T01,0.66,-9.4622,-0.0463,-0.0025
T01,0.67,-9.2554,-0.0103,-0.0016
T01,0.68,-9.3715,0.0257,0.0049
T01,0.69,-9.54,0.0615,0.032
T01,0.7,-9.2854,0.0972,-0.0117
T01,0.71,-8.9765,0.1325,-0.0241
T01,0.72,-9.1976,0.1676,-0.0356
T01,0.73,-8.7639,0.2022,-0.0225
T01,0.74,-9.4677,0.2363,-0.0085
T01,0.75,-8.6269,0.2698,0.0282
T01,0.76,-8.6026,0.3027,-0.0179
T01,0.77,-8.49,0.3349,-0.0029
T01,0.78,-8.204,0.3663,-0.0075
T01,0.79,-8.3945,0.3968,0.0168
T01,0.8,-7.7984,0.4264,0.0438
T01,0.81,-7.4241,0.4551,-0.0172
T01,0.82,-6.9251,0.4827,-0.0161
T01,0.83,-7.0342,0.5092,0.0148
T01,0.84,-6.7875,0.5346,0.0079
T01,0.85,-6.4075,0.5587,0.0314
T01,0.86,-5.7922,0.5816,0.0065
T01,0.87,-5.5652,0.6032,-0.0121
T01,0.88,-5.3809,0.6235,0.0072
T01,0.89,-4.8054,0.6423,0.0179
T01,0.9,-4.5116,0.6597,0.0125
T01,0.91,-3.9511,0.6757,0.0065
T01,0.92,-3.8906,0.6901,0.0181
T01,0.93,-3.4135,0.7031,0.0205
T01,0.94,-3.0176,0.7144,0.0251
T01,0.95,-2.8174,0.7242,0.0108
T01,0.96,-2.0462,0.7324,-0.0052
T01,0.97,-1.63,0.739,0.0015
T01,0.98,-1.2551,0.744,0.023
T01,0.99,-0.8748,0.7473,-0.0171
T01,1.0,-0.6817,0.749,0.007
T01,1.01,-0.0533,0.7491,-0.0078
T01,1.02,0.3909,0.7476,0.001
T01,1.03,0.7259,0.7444,0.0263
T01,1.04,1.2784,0.7396,0.005
T01,1.05,1.8122,0.7332,0.0024
T01,1.06,2.5248,0.7252,-0.0253
T01,1.07,2.5934,0.7156,0.0172
T01,1.08,3.0146,0.7045,0.0155
T01,1.09,3.3457,0.6919,0.0462
T01,1.1,3.3663,0.6778,-0.0029
T01,1.11,4.1255,0.6623,0.008
T01,1.12,4.5139,0.6453,0.0089
T01,1.13,5.3551,0.6269,0.0358
T01,1.14,5.1734,0.6073,0.0026
T01,1.15,5.6097,0.5863,0.0104
T01,1.16,5.8673,0.5641,0.0173
T01,1.17,5.9521,0.5407,0.0091
T01,1.18,6.7119,0.5161,-0.0033
T01,1.19,6.9166,0.4905,0.0098
T01,1.2,7.1921,0.4638,0.0276
T01,1.21,7.1039,0.4362,-0.0142
T01,1.22,7.802,0.4077,0.0092
T01,1.23,7.4599,0.3783,-0.0072
T01,1.24,8.0593,0.3482,0.0308
T01,1.25,8.564,0.3173,-0.0234
T01,1.26,8.0938,0.2858,-0.0039
T01,1.27,8.3263,0.2538,0.0149
T01,1.28,8.5885,0.2212,0.0388
T01,1.29,8.578,0.1882,0.0063
T01,1.3,8.4596,0.1549,-0.0035
T01,1.31,8.8552,0.1213,0.0453
T01,1.32,8.6814,0.0874,-0.0212
T01,1.33,9.0215,0.0535,-0.0362
T01,1.34,8.7564,0.0194,0.0166
T01,1.35,9.2442,-0.0146,-0.0022
T01,1.36,8.752,-0.0485,-0.0127
T01,1.37,8.7994,-0.0823,0.0219
T01,1.38,8.9624,-0.1158,0.0126
T01,1.39,8.4703,-0.149,-0.0037
T01,1.4,8.66,-0.1819,-0.0181
T01,1.41,8.7553,-0.2142,0.0249
T01,1.42,8.0334,-0.2461,0.0203
T01,1.43,8.2349,-0.2774,0.0052
T01,1.44,8.0755,-0.308,0.0439
T01,1.45,7.9882,-0.3379,-0.0146
T01,1.46,7.376,-0.367,-0.0239
T01,1.47,7.1346,-0.3953,-0.0074
T01,1.48,7.2627,-0.4226,0.0053
T01,1.49,6.9621,-0.449,0.0109
T01,1.5,6.6825,-0.4744,0.001
T01,1.51,6.4175,-0.4987,0.0126
T01,1.52,5.9146,-0.5219,-0.0198
T01,1.53,5.7868,-0.5439,0.0339
T01,1.54,5.4767,-0.5646,0.0031
T01,1.55,4.9417,-0.5841,0.0268
T01,1.56,5.1136,-0.6023,0.011
T01,1.57,4.4814,-0.6192,0.013
T01,1.58,3.7856,-0.6347,0.0149
T01,1.59,3.7843,-0.6487,0.0121
T01,1.6,3.0797,-0.6614,0.0157
T01,1.61,3.0473,-0.6725,0.0291
T01,1.62,2.7312,-0.6822,0.0061
T01,1.63,1.9401,-0.6904,0.016
T01,1.64,1.8978,-0.6971,-0.0003
T01,1.65,1.3854,-0.7022,0.0299
T01,1.66,1.0629,-0.7058,-0.0127
T01,1.67,0.8722,-0.7079,0.0364
T01,1.68,0.0377,-0.7084,-0.0007
T01,1.69,-0.4695,-0.7074,-0.0289
T01,1.7,-0.9009,-0.7048,0.0019
T01,1.71,-1.2881,-0.7007,-0.0146
T01,1.72,-1.5392,-0.6951,0.0155
T01,1.73,-1.8504,-0.688,-0.0147
T01,1.74,-2.2533,-0.6793,-0.0109
T01,1.75,-2.5275,-0.6693,-0.0401
T01,1.76,-3.0682,-0.6577,-0.0117
T01,1.77,-3.1506,-0.6448,-0.0515
T01,1.78,-3.8566,-0.6305,-0.035
T01,1.79,-3.6131,-0.6148,0.0116
T01,1.8,-4.3759,-0.5978,0.0118
T01,1.81,-5.0059,-0.5796,0.0043
T01,1.82,-5.3711,-0.5601,-0.0238
T01,1.83,-5.371,-0.5394,-0.0057
T01,1.84,-5.8104,-0.5176,-0.0051
T01,1.85,-5.9081,-0.4947,-0.0284
T01,1.86,-6.2277,-0.4708,0.0246
T01,1.87,-6.5942,-0.4458,0.0118
T01,1.88,-6.9914,-0.42,-0.0104
T01,1.89,-7.3523,-0.3932,-0.0056
T01,1.9,-7.3501,-0.3657,-0.0022
T01,1.91,-7.2848,-0.3374,-0.0473
T01,1.92,-7.5921,-0.3084,-0.0116
T01,1.93,-8.0458,-0.2788,-0.0204
T01,1.94,-7.9066,-0.2486,-0.027
T01,1.95,-7.9912,-0.218,-0.0127
T01,1.96,-8.3543,-0.1869,0.0288
T01,1.97,-8.238,-0.1555,0.0056
T01,1.98,-8.3302,-0.1237,-0.0187
T01,1.99,-8.6252,-0.0918,0.0041
T01,2.0,-8.3615,-0.0597,0.0206
T01,2.01,-8.3388,-0.0276,0.0111
T01,2.02,-8.2339,0.0046,-0.0062
T01,2.03,-8.2209,0.0367,-0.0203
T01,2.04,-8.67,0.0687,0.0066
T01,2.05,-8.5266,0.1005,0.0006
T01,2.06,-8.1625,0.132,0.0107
T01,2.07,-8.0713,0.1631,0.0056
T01,2.08,-7.962,0.1939,0.014
T01,2.09,-7.168,0.2241,-0.0176
T01,2.1,-7.6809,0.2539,0.0195
T01,2.11,-7.4077,0.283,-0.0027
T01,2.12,-7.2674,0.3115,0.035
T01,2.13,-7.1353,0.3392,-0.0201
T01,2.14,-7.1205,0.3662,0.0286
T01,2.15,-6.6826,0.3923,-0.002
T01,2.16,-6.7513,0.4175,-0.0188
T01,2.17,-6.3925,0.4418,-0.0152
T01,2.18,-6.1771,0.4651,-0.0117
T01,2.19,-5.7859,0.4873,0.0034
T01,2.2,-5.0493,0.5084,0.0056
T01,2.21,-5.5842,0.5283,-0.016
T01,2.22,-4.7611,0.5471,-0.0048
T01,2.23,-4.8984,0.5647,0.0389
T01,2.24,-4.3383,0.581,0.0308
T01,2.25,-3.6854,0.596,0.0053
T01,2.26,-3.5418,0.6097,-0.0023
T01,2.27,-3.4144,0.622,-0.0004
T01,2.28,-2.9798,0.633,0.0098
T01,2.29,-2.3331,0.6426,-0.0226
T01,2.3,-2.2427,0.6507,-0.007
T01,2.31,-1.6769,0.6574,-0.0349
T01,2.32,-1.3315,0.6627,0.0068
T01,2.33,-1.0891,0.6665,0.0121
T01,2.34,-0.1468,0.6689,-0.0102
T01,2.35,-0.0649,0.6698,0.0313
T01,2.36,-0.213,0.6692,-0.0243
T01,2.37,0.6119,0.6672,-0.0288
T01,2.38,0.823,0.6637,0.0053
T01,2.39,1.5038,0.6588,0.0221
T01,2.4,1.5493,0.6525,0.0352
T01,2.41,2.055,0.6448,-0.0074
T01,2.42,2.544,0.6356,0.0237
T01,2.43,2.9752,0.6251,0.0017
T01,2.44,2.9143,0.6133,-0.0007
T01,2.45,3.4324,0.6001,0.0207
T01,2.46,3.741,0.5857,0.0164
T01,2.47,4.0331,0.57,-0.0279
T01,2.48,4.835,0.553,0.0334
T01,2.49,4.8708,0.5349,0.0318
T01,2.5,4.8345,0.5157,-0.0081
T01,2.51,5.5556,0.4954,0.0126
T01,2.52,6.0697,0.474,0.0148
T01,2.53,6.1121,0.4517,0.0104
T01,2.54,5.8489,0.4283,-0.0056
T01,2.55,6.2892,0.4041,-0.0079
T01,2.56,6.8585,0.3791,0.0053
T01,2.57,6.6678,0.3533,0.0294
T01,2.58,7.0872,0.3267,0.017
T01,2.59,7.3268,0.2995,-0.0012
T01,2.6,7.1441,0.2717,0.0218
T01,2.61,7.459,0.2433,-0.0505
T01,2.62,6.9475,0.2144,0.0296
T01,2.63,7.499,0.1851,-0.0281
T01,2.64,7.7445,0.1555,-0.0004
T01,2.65,7.6195,0.1256,-0.0155
T01,2.66,8.2522,0.0954,-0.019
T01,2.67,7.6791,0.0651,0.0302
T01,2.68,7.8991,0.0347,-0.0024
T01,2.69,8.0178,0.0043,0.0139
T01,2.7,8.267,-0.0261,0.006
T01,2.71,7.6613,-0.0563,0.0165
T01,2.72,8.1336,-0.0864,0.0084
T01,2.73,7.8384,-0.1163,-0.0188
T01,2.74,7.5584,-0.1458,0.0267
T01,2.75,7.7488,-0.175,-0.0032
T01,2.76,7.5813,-0.2038,-0.0246
T01,2.77,7.2903,-0.2321,-0.0021
T01,2.78,7.2773,-0.2598,0.0364
T01,2.79,7.0236,-0.2869,0.0232
T01,2.8,6.9456,-0.3133,-0.0009
T01,2.81,6.8627,-0.339,-0.0011
T01,2.82,6.8405,-0.3639,-0.0007
T01,2.83,6.055,-0.388,0.047
T01,2.84,6.495,-0.4112,0.0129
T01,2.85,5.4309,-0.4335,0.0137
T01,2.86,5.5317,-0.4548,0.0255
T01,2.87,5.4088,-0.4751,0.0094
T01,2.88,5.0653,-0.4943,-0.0008
T01,2.89,4.5921,-0.5123,0.0002
T01,2.9,4.3727,-0.5293,0.0024
T01,2.91,4.0043,-0.545,0.0028
T01,2.92,3.6653,-0.5596,0.0179
T01,2.93,3.6256,-0.5729,0.0041
T01,2.94,3.1925,-0.5849,0.0174
T01,2.95,2.6418,-0.5957,0.0008
T01,2.96,2.6141,-0.6051,0.0037
T01,2.97,2.1447,-0.6132,-0.0381
T01,2.98,1.8909,-0.6199,0.0198
T01,2.99,1.4962,-0.6253,0.0081
T01,3.0,0.844,-0.6293,0.0208
T01,3.01,0.5357,-0.6319,-0.0574
T01,3.02,0.4343,-0.6332,0.042
T01,3.03,0.044,-0.633,-0.0029
T01,3.04,-0.4443,-0.6315,0.0218
T01,3.05,-0.7772,-0.6286,-0.0215
T01,3.06,-0.9034,-0.6244,0.0112
T01,3.07,-1.6323,-0.6188,-0.0224
T01,3.08,-1.7558,-0.6118,-0.0141
T01,3.09,-2.2522,-0.6036,0.0364
T01,3.1,-2.5964,-0.594,-0.006
T01,3.11,-2.6682,-0.5832,0.0018
T01,3.12,-3.051,-0.5711,0.0146
T01,3.13,-3.374,-0.5577,0.0068
T01,3.14,-3.588,-0.5432,-0.0004
T01,3.15,-4.1484,-0.5276,0.0037
T01,3.16,-4.3101,-0.5108,0.0442
T01,3.17,-4.7923,-0.4929,-0.0053
T01,3.18,-4.9384,-0.474,-0.0003
T01,3.19,-5.2909,-0.454,0.0164
T01,3.2,-5.4952,-0.4332,0.0173
T01,3.21,-5.6328,-0.4114,0.0187
T01,3.22,-6.1399,-0.3887,0.0076
T01,3.23,-5.7687,-0.3653,-0.0283
T01,3.24,-6.5855,-0.341,0.0271
T01,3.25,-6.8101,-0.3161,-0.0287
T01,3.26,-6.5039,-0.2906,0.0002
T01,3.27,-6.7305,-0.2644,-0.0211
T01,3.28,-6.9021,-0.2377,-0.0074
T01,3.29,-7.0238,-0.2106,0.0003
T01,3.3,-7.2587,-0.183,0.0001
T01,3.31,-7.5264,-0.1551,0.002
T01,3.32,-7.4065,-0.1268,0.0258
T01,3.33,-7.6154,-0.0984,0.0025
T01,3.34,-7.3268,-0.0698,-0.0114
T01,3.35,-7.5768,-0.0411,0.0127
T01,3.36,-7.7214,-0.0123,0.0172
T01,3.37,-7.6131,0.0164,-0.0311
T01,3.38,-7.4423,0.0451,0.0054
T01,3.39,-7.5974,0.0736,0.0075
T01,3.4,-7.5926,0.1019,-0.0124
T01,3.41,-7.3068,0.1299,0.0211
T01,3.42,-7.2181,0.1576,-0.0093
T01,3.43,-7.2643,0.185,-0.0037
T01,3.44,-7.1375,0.2118,-0.0096
T01,3.45,-6.8621,0.2382,-0.0057
T01,3.46,-7.0485,0.264,-0.0278
T01,3.47,-6.8763,0.2892,-0.0346
T01,3.48,-6.5604,0.3137,0.0263
T01,3.49,-6.2675,0.3375,-0.0224
T01,3.5,-5.9576,0.3605,-0.0251
T01,3.51,-5.5069,0.3826,-0.0481
T01,3.52,-5.4003,0.404,-0.0176
T01,3.53,-5.3619,0.4244,-0.0311
T01,3.54,-5.0806,0.4438,0.0284
T01,3.55,-5.0136,0.4622,0.016
T01,3.56,-4.543,0.4796,-0.0177
T01,3.57,-4.3139,0.496,0.0413
T01,3.58,-3.8996,0.5112,0.0162
T01,3.59,-3.8294,0.5253,-0.0097
T01,3.6,-3.2525,0.5382,-0.0529
T01,3.61,-2.7353,0.5499,0.0432
T01,3.62,-2.7431,0.5604,-0.0302
T01,3.63,-2.3151,0.5697,-0.035
T01,3.64,-1.9268,0.5777,0.0186
T01,3.65,-1.8105,0.5844,0.0473
T01,3.66,-1.3476,0.5899,0.0265
T01,3.67,-1.0497,0.594,0.0104
T01,3.68,-0.6907,0.5969,0.0113
T01,3.69,-0.5219,0.5984,0.0167
T01,3.7,-0.0192,0.5987,0.0152
T01,3.71,0.4181,0.5976,0.0059
T01,3.72,0.9501,0.5953,0.0027
T01,3.73,1.1911,0.5916,-0.0004
T01,3.74,1.7666,0.5867,-0.0139
T01,3.75,1.5156,0.5805,-0.0042
T01,3.76,2.1726,0.573,-0.0321
T01,3.77,2.3588,0.5643,0.0001
T01,3.78,3.0786,0.5544,-0.0175
T01,3.79,2.7912,0.5433,-0.0195
T01,3.8,3.0901,0.531,0.0064
T01,3.81,3.4359,0.5176,0.0309
T01,3.82,3.4204,0.5031,0.0217
T01,3.83,4.0205,0.4876,-0.0278
T01,3.84,4.2449,0.4709,-0.016
T01,3.85,4.6879,0.4533,0.0229
T01,3.86,4.9766,0.4348,-0.0154
T01,3.87,5.5229,0.4153,-0.0
T01,3.88,5.5655,0.3949,0.0157
T01,3.89,5.4757,0.3737,-0.0145
T01,3.9,5.6145,0.3518,0.0072
T01,3.91,6.0827,0.3291,-0.0215
T01,3.92,5.8971,0.3057,-0.0067
T01,3.93,6.6905,0.2817,0.0119
T01,3.94,6.7092,0.2571,-0.0262
T01,3.95,6.5141,0.232,0.0146
T01,3.96,6.3854,0.2065,0.0055
T01,3.97,7.104,0.1805,0.017
T01,3.98,6.9005,0.1542,0.0105
T01,3.99,7.2459,0.1276,0.0334
T01,4.0,6.739,0.1007,0.0087
T01,4.01,6.9821,0.0737,-0.0024
T01,4.02,7.1316,0.0466,0.0087
T01,4.03,7.1529,0.0194,0.0171
T01,4.04,7.0508,-0.0078,0.0072
T01,4.05,7.2472,-0.0349,0.007
T01,4.06,6.8754,-0.0619,-0.0079
T01,4.07,7.0114,-0.0887,-0.0071
T01,4.08,6.9997,-0.1153,-0.022
T01,4.09,6.9991,-0.1416,0.041
T01,4.1,6.9442,-0.1675,-0.0189
T01,4.11,6.468,-0.1931,-0.008
T01,4.12,6.2628,-0.2181,-0.0086
T01,4.13,6.6877,-0.2427,0.0235
T01,4.14,6.3474,-0.2667,-0.0004
T01,4.15,5.9665,-0.29,0.0303
T01,4.16,6.2487,-0.3127,-0.0083
T01,4.17,5.7713,-0.3347,0.0106
T01,4.18,5.7814,-0.3559,-0.0119
T01,4.19,5.3448,-0.3763,0.0476
T01,4.2,5.5178,-0.3958,-0.0193
T01,4.21,5.2204,-0.4144,0.0104
T01,4.22,4.573,-0.4321,0.0167
T01,4.23,4.561,-0.4489,0.0121
T01,4.24,4.2304,-0.4646,-0.0001
T01,4.25,4.1013,-0.4793,0.0007
T01,4.26,3.353,-0.4929,0.004
T01,4.27,3.3942,-0.5055,-0.0001
T01,4.28,3.1732,-0.5169,0.0219
T01,4.29,2.3083,-0.5271,0.0465
T01,4.3,2.1166,-0.5362,-0.0091
T01,4.31,1.634,-0.5441,-0.0256
T01,4.32,1.6727,-0.5509,-0.0003
T01,4.33,1.5515,-0.5564,0.0528
T01,4.34,1.3874,-0.5606,-0.0151
T01,4.35,0.7788,-0.5637,0.0334
T01,4.36,0.7656,-0.5655,0.0339
T01,4.37,-0.1606,-0.5661,-0.011
T01,4.38,-0.5494,-0.5654,0.0112
T01,4.39,-0.543,-0.5636,0.0321
T01,4.4,-0.7766,-0.5605,-0.0083
T01,4.41,-1.1791,-0.5561,-0.0051
T01,4.42,-1.902,-0.5506,-0.0129
T01,4.43,-1.8186,-0.5439,-0.0219
T01,4.44,-2.3695,-0.536,-0.0148
T01,4.45,-2.2773,-0.527,-0.0266
T01,4.46,-2.6349,-0.5168,-0.0017
T01,4.47,-3.1867,-0.5055,-0.018
T01,4.48,-3.385,-0.4931,0.0018
T01,4.49,-3.77,-0.4797,-0.0342
T01,4.5,-3.8384,-0.4653,0.0033
T01,4.51,-3.8937,-0.4498,0.0131
T01,4.52,-4.5315,-0.4335,-0.0437
T01,4.53,-4.4733,-0.4162,0.0035
T01,4.54,-4.9095,-0.398,0.0204
T01,4.55,-5.1805,-0.3789,-0.0286
T01,4.56,-5.2506,-0.3591,0.0289
T01,4.57,-5.6317,-0.3386,0.0036
T01,4.58,-5.7187,-0.3173,-0.019
T01,4.59,-6.0184,-0.2954,-0.0062
T01,4.6,-5.5438,-0.2729,0.006
T01,4.61,-6.0744,-0.2498,-0.0038
T01,4.62,-6.3526,-0.2262,0.0054
T01,4.63,-6.2874,-0.2021,-0.0239
T01,4.64,-6.4562,-0.1777,-0.0022
T01,4.65,-6.5672,-0.1529,-0.034
T01,4.66,-6.4752,-0.1278,-0.008
T01,4.67,-6.507,-0.1025,-0.0239
T01,4.68,-6.8104,-0.077,-0.0206
T01,4.69,-6.8507,-0.0514,0.0188
T01,4.7,-6.807,-0.0257,0.0159
T01,4.71,-7.214,0.0,0.0063
T01,4.72,-7.0437,0.0257,-0.0277
T01,4.73,-6.4396,0.0513,-0.0122
T01,4.74,-6.3418,0.0767,0.0184
T01,4.75,-6.6639,0.1019,-0.0029
T01,4.76,-6.4277,0.1268,0.0407
T01,4.77,-6.3956,0.1514,0.0022
T01,4.78,-5.743,0.1757,-0.0017
T01,4.79,-6.0221,0.1995,-0.0116
T01,4.8,-6.1454,0.2229,-0.0027
T01,4.81,-6.1717,0.2457,-0.0083
T01,4.82,-6.1497,0.268,0.0091
T01,4.83,-5.6232,0.2896,0.0142
T01,4.84,-5.6386,0.3106,-0.0205
T01,4.85,-5.5835,0.3308,-0.0312
T01,4.86,-5.2288,0.3503,-0.0412
T01,4.87,-5.1055,0.369,0.0059
T01,4.88,-4.3312,0.3869,-0.0261
T01,4.89,-4.2619,0.4039,-0.0469
T01,4.9,-4.2002,0.42,0.0041
T01,4.91,-3.6542,0.4351,0.0464
T01,4.92,-3.6781,0.4493,-0.0033
T01,4.93,-3.6016,0.4625,0.0138
T01,4.94,-2.8535,0.4746,-0.0011
T01,4.95,-2.7726,0.4857,-0.0045
T01,4.96,-2.8044,0.4957,0.0161
T01,4.97,-2.3463,0.5046,-0.0078
T01,4.98,-2.1901,0.5124,0.0036
T01,4.99,-1.9944,0.5191,0.0049
T01,5.0,-1.2322,0.5247,-0.0146
T01,5.01,-0.7326,0.529,0.0189
T01,5.02,-1.0893,0.5322,-0.0042
T01,5.03,-0.3909,0.5343,-0.0156
T01,5.04,-0.3269,0.5352,0.0106
T01,5.05,0.0125,0.5349,-0.0179
T01,5.06,0.2973,0.5335,0.0009
T01,5.07,0.5475,0.5309,0.0004
T01,5.08,1.0324,0.5271,0.0226
T01,5.09,1.1562,0.5222,0.0106
T01,5.1,1.6728,0.5162,0.0009
T01,5.11,1.9009,0.509,0.018
T01,5.12,2.1508,0.5008,0.0297
T01,5.13,2.2994,0.4915,0.0133
T01,5.14,2.6421,0.4811,0.0026
T01,5.15,3.1785,0.4697,-0.0236
T01,5.16,3.3906,0.4573,-0.0184
T01,5.17,3.3503,0.4439,-0.003
T01,5.18,3.8129,0.4296,-0.0089
T01,5.19,4.1818,0.4143,-0.0002
T01,5.2,3.927,0.3982,0.0049
T01,5.21,4.5893,0.3813,0.0145
T01,5.22,4.5577,0.3635,0.0027
T01,5.23,5.0033,0.345,0.014
T01,5.24,4.9246,0.3257,0.0057
T01,5.25,4.8929,0.3058,-0.0349
T01,5.26,5.0933,0.2853,-0.0141
T01,5.27,5.5812,0.2641,0.002
T01,5.28,5.764,0.2424,-0.0192
T01,5.29,5.659,0.2203,0.0171
T01,5.3,6.0824,0.1976,0.0358
T01,5.31,5.724,0.1746,0.0297
T01,5.32,6.1314,0.1513,0.0011
T01,5.33,5.9772,0.1276,0.0352
T01,5.34,6.1501,0.1038,0.0085
T01,5.35,6.3373,0.0797,-0.0012
T01,5.36,6.1891,0.0555,-0.0067
T01,5.37,6.3038,0.0312,-0.0005
T01,5.38,6.5876,0.0069,-0.0022
T01,5.39,6.2627,-0.0174,0.009
T01,5.4,6.523,-0.0416,0.0088
T01,5.41,6.0939,-0.0657,0.0056
T01,5.42,6.3761,-0.0895,0.0142
T01,5.43,6.4951,-0.1132,0.0292
T01,5.44,5.6358,-0.1366,0.0243
T01,5.45,5.8808,-0.1596,-0.0244
T01,5.46,6.0526,-0.1823,-0.0459
T01,5.47,5.7809,-0.2045,0.0238
T01,5.48,5.7675,-0.2262,-0.0224
T01,5.49,5.4321,-0.2474,0.0004
T01,5.5,5.418,-0.268,-0.0187
T01,5.51,5.2058,-0.288,-0.0315
T01,5.52,5.2956,-0.3074,0.0152
T01,5.53,4.9272,-0.326,0.0194
T01,5.54,4.7479,-0.3439,-0.0074
T01,5.55,4.3922,-0.3611,-0.0479
T01,5.56,4.1618,-0.3774,-0.0072
T01,5.57,3.9487,-0.3928,0.0114
T01,5.58,3.8816,-0.4074,-0.0263
T01,5.59,3.478,-0.4211,0.0068
T01,5.6,3.3723,-0.4338,0.0026
T01,5.61,3.4748,-0.4456,0.0143
T01,5.62,2.9731,-0.4563,0.0048
T01,5.63,2.4672,-0.4661,-0.0173
T01,5.64,2.501,-0.4748,0.0259
T01,5.65,1.9031,-0.4825,-0.0014
T01,5.66,1.2971,-0.4891,0.0009
T01,5.67,1.2199,-0.4947,-0.0174
T01,5.68,0.7616,-0.4991,-0.0079
T01,5.69,0.7776,-0.5025,-0.017
T01,5.7,0.5624,-0.5047,-0.003
T01,5.71,0.6041,-0.5059,0.0345
T01,5.72,0.0442,-0.5059,-0.0275
T01,5.73,-0.3545,-0.5049,-0.0325
T01,5.74,-0.4331,-0.5027,0.0289
T01,5.75,-1.3278,-0.4995,-0.005
T01,5.76,-1.1226,-0.4952,-0.0144
T01,5.77,-1.2966,-0.4898,0.0195
T01,5.78,-2.024,-0.4833,-0.0136
T01,5.79,-1.7728,-0.4758,0.0348
T01,5.8,-2.2023,-0.4673,0.0116
T01,5.81,-2.6161,-0.4578,-0.012
T01,5.82,-2.6636,-0.4473,0.0407
T01,5.83,-2.5866,-0.4358,-0.0148
T01,5.84,-3.2479,-0.4234,0.012
T01,5.85,-3.4706,-0.4101,0.0029
T01,5.86,-3.8401,-0.3959,0.0228
T01,5.87,-4.1376,-0.3809,0.0278
T01,5.88,-4.0119,-0.3651,-0.003
T01,5.89,-4.5501,-0.3485,-0.0189
T01,5.9,-4.5556,-0.3312,0.0052
T01,5.91,-4.8462,-0.3132,-0.0177
T01,5.92,-4.825,-0.2946,0.036
T01,5.93,-5.0132,-0.2753,-0.0017
T01,5.94,-5.0202,-0.2555,-0.0119
T01,5.95,-5.4659,-0.2351,-0.001
T01,5.96,-5.5421,-0.2143,-0.0317
T01,5.97,-5.796,-0.193,-0.0243
T01,5.98,-5.7888,-0.1714,0.019
T01,5.99,-5.7116,-0.1494,-0.0182
T01,6.0,-5.71,-0.1271,-0.0261
T01,6.01,-6.1073,-0.1046,0.0056
T01,6.02,-5.7974,-0.0819,0.0185
T01,6.03,-5.7355,-0.059,0.0091
T01,6.04,-5.9462,-0.0361,0.0147
T01,6.05,-5.6626,-0.0131,-0.0204
T01,6.06,-6.1886,0.0099,-0.0337
T01,6.07,-6.2655,0.0328,0.0248
T01,6.08,-6.342,0.0556,-0.0117
T01,6.09,-5.6437,0.0782,-0.0102
T01,6.1,-5.7559,0.1007,0.0214
T01,6.11,-5.8289,0.1228,0.006
T01,6.12,-5.6803,0.1447,0.0041
T01,6.13,-5.8676,0.1662,0.0384
T01,6.14,-5.0474,0.1874,-0.0177
T01,6.15,-5.3928,0.208,0.0138
T01,6.16,-5.2673,0.2282,-0.0035
T01,6.17,-5.0032,0.2479,0.0009
T01,6.18,-4.9004,0.267,0.0262
T01,6.19,-4.7895,0.2855,0.0059
T01,6.2,-4.8197,0.3033,0.0067
T01,6.21,-4.3848,0.3204,0.0175
T01,6.22,-3.9107,0.3368,-0.011
T01,6.23,-3.817,0.3525,-0.0203
T01,6.24,-3.5579,0.3673,-0.0243
T01,6.25,-3.7611,0.3813,-0.0425
T01,6.26,-3.6315,0.3945,0.0381
T01,6.27,-3.2264,0.4068,-0.0249
T01,6.28,-2.9511,0.4182,-0.007
T01,6.29,-2.4984,0.4286,-0.0079
T01,6.3,-2.8052,0.4381,0.004
T01,6.31,-1.9054,0.4467,0.0144
T01,6.32,-1.983,0.4542,0.0155
T01,6.33,-1.7731,0.4608,-0.0131
T01,6.34,-1.6232,0.4663,-0.0046
T01,6.35,-1.4822,0.4708,0.0046
T01,6.36,-0.7149,0.4743,-0.0057
T01,6.37,-0.5918,0.4767,0.0316
T01,6.38,-0.5905,0.4781,0.0095
T01,6.39,-0.3173,0.4784,0.0146
T01,6.4,0.1485,0.4777,0.0134
T01,6.41,0.8225,0.476,0.0239
T01,6.42,0.7082,0.4732,0.0043
T01,6.43,0.7288,0.4694,-0.025
T01,6.44,1.247,0.4646,0.0091
T01,6.45,1.505,0.4588,-0.0117
T01,6.46,1.2797,0.452,-0.009
T01,6.47,2.0634,0.4442,0.0135
T01,6.48,2.2783,0.4355,0.0268
T01,6.49,2.7084,0.4258,0.0027
T01,6.5,3.1777,0.4152,0.0086
T01,6.51,3.2655,0.4037,0.0367
T01,6.52,3.2116,0.3914,0.0077
T01,6.53,3.2618,0.3783,0.0551
T01,6.54,4.2075,0.3643,0.0145
T01,6.55,3.9061,0.3496,-0.0318
T01,6.56,4.0896,0.3341,0.0186
T01,6.57,4.2653,0.3179,0.0113
T01,6.58,4.4835,0.3011,0.0297
T01,6.59,4.5787,0.2836,0.0175
T01,6.6,4.6463,0.2656,0.0014
T01,6.61,4.7945,0.247,-0.0202
T01,6.62,5.0292,0.2278,0.0002
T01,6.63,5.0478,0.2083,-0.0125
T01,6.64,5.1232,0.1883,-0.007
T01,6.65,5.3847,0.1679,0.0165
T01,6.66,5.3982,0.1472,0.0382
T01,6.67,5.8237,0.1262,0.0127
T01,6.68,5.0543,0.105,-0.019
T01,6.69,5.8522,0.0835,0.0138
T01,6.7,5.9201,0.062,0.0289
T01,6.71,5.2807,0.0403,-0.0072
T01,6.72,5.639,0.0186,0.0023
T01,6.73,5.6329,-0.0031,0.0053
T01,6.74,5.4129,-0.0248,-0.0107
T01,6.75,5.5137,-0.0464,0.0179
T01,6.76,5.4097,-0.0679,0.0025
T01,6.77,5.9326,-0.0891,0.0133
T01,6.78,5.7075,-0.1102,-0.0129
T01,6.79,5.7011,-0.131,-0.004
T01,6.8,5.5057,-0.1514,0.0191
T01,6.81,5.0386,-0.1715,-0.0029
T01,6.82,5.0512,-0.1912,0.039
T01,6.83,5.1347,-0.2104,-0.0036
T01,6.84,4.6623,-0.2291,0.0088
T01,6.85,4.9088,-0.2473,0.0228
T01,6.86,4.5674,-0.265,-0.0243
T01,6.87,4.38,-0.282,-0.0313
T01,6.88,4.4272,-0.2984,-0.0268
T01,6.89,4.1949,-0.3141,0.0288
T01,6.9,3.8462,-0.3291,-0.0076
T01,6.91,3.9544,-0.3434,0.0544
T01,6.92,3.3027,-0.3568,-0.0082
T01,6.93,3.4311,-0.3695,0.0066
T01,6.94,3.2087,-0.3814,0.0335
T01,6.95,2.804,-0.3924,0.0426
T01,6.96,2.701,-0.4025,0.0435
T01,6.97,2.1501,-0.4118,0.0263
T01,6.98,2.3449,-0.4201,0.0224
T01,6.99,1.8785,-0.4275,0.0135
T01,7.0,1.5626,-0.434,0.017
T01,7.01,1.6254,-0.4395,-0.0098
T01,7.02,1.0205,-0.444,-0.0154
T01,7.03,0.6234,-0.4476,0.0007
T01,7.04,0.3359,-0.4502,-0.0028
T01,7.05,0.5096,-0.4517,-0.0087
T01,7.06,-0.127,-0.4524,0.014
T01,7.07,0.2209,-0.452,0.019
T01,7.08,-0.8048,-0.4506,0.0014
T01,7.09,-0.3063,-0.4483,0.029
T01,7.1,-0.8586,-0.445,-0.0236
T01,7.11,-1.1731,-0.4407,-0.0049
T01,7.12,-1.5127,-0.4354,-0.0156
T01,7.13,-1.5704,-0.4293,-0.0388
T01,7.14,-1.9002,-0.4222,-0.0033
T01,7.15,-1.91,-0.4142,-0.0043
T01,7.16,-2.3408,-0.4053,0.0282
T01,7.17,-2.5609,-0.3955,0.0104
T01,7.18,-2.8851,-0.3849,-0.0229
T01,7.19,-3.0386,-0.3735,0.0344
T01,7.2,-3.1736,-0.3613,0.0216
T01,7.21,-3.7777,-0.3483,0.0086
T01,7.22,-3.898,-0.3345,-0.0077
T01,7.23,-3.6642,-0.3201,-0.0225
T01,7.24,-3.9545,-0.305,-0.0109
T01,7.25,-4.1924,-0.2893,0.0181
T01,7.26,-4.3095,-0.2729,0.0339
T01,7.27,-4.3915,-0.256,0.027
T01,7.28,-4.7069,-0.2386,-0.0138
T01,7.29,-4.8823,-0.2206,-0.0265
T01,7.3,-4.8047,-0.2022,-0.0014
T01,7.31,-5.1459,-0.1834,-0.0397
T01,7.32,-4.9641,-0.1643,0.0021
T01,7.33,-5.4705,-0.1448,-0.0074
T01,7.34,-4.9972,-0.125,-0.0139
T01,7.35,-5.17,-0.105,-0.0365
T01,7.36,-5.2633,-0.0848,0.0056
T01,7.37,-5.1563,-0.0644,-0.0153
T01,7.38,-5.0463,-0.044,-0.0281
T01,7.39,-5.1914,-0.0234,-0.0622
T01,7.4,-5.7655,-0.0029,-0.0053
T01,7.41,-5.6445,0.0176,0.0307
T01,7.42,-5.4931,0.0381,0.0285
T01,7.43,-5.3308,0.0584,-0.0138
T01,7.44,-5.1888,0.0786,-0.0167
T01,7.45,-5.3824,0.0985,0.0048
T01,7.46,-5.1334,0.1182,-0.0245
T01,7.47,-5.2442,0.1377,0.0016
T01,7.48,-5.1269,0.1568,0.011
T01,7.49,-5.1866,0.1755,0.0203
T01,7.5,-4.9801,0.1938,-0.0062
T01,7.51,-4.9457,0.2116,-0.0082
T01,7.52,-4.7404,0.229,-0.0215
T01,7.53,-4.1947,0.2458,-0.0204
T01,7.54,-4.4462,0.2621,-0.0082
T01,7.55,-3.5717,0.2778,0.0038
T01,7.56,-3.8326,0.2928,0.0148
T01,7.57,-3.7192,0.3072,-0.0193
T01,7.58,-3.7449,0.3209,0.0267
T01,7.59,-3.2426,0.3338,-0.0084
T01,7.6,-3.3003,0.346,-0.0032
T01,7.61,-2.9566,0.3575,-0.0175
T01,7.62,-2.2587,0.3681,-0.0509
T01,7.63,-2.5739,0.3779,0.0155
T01,7.64,-2.1037,0.3869,0.0127
T01,7.65,-2.2482,0.395,-0.0075
T01,7.66,-1.8845,0.4023,-0.0003
T01,7.67,-1.2895,0.4087,0.0089
T01,7.68,-1.532,0.4141,-0.0325
T01,7.69,-0.8044,0.4187,-0.0116
T01,7.7,-0.7835,0.4223,0.0151
T01,7.71,-0.7941,0.425,-0.0257
T01,7.72,-0.3106,0.4268,0.0055
T01,7.73,0.0025,0.4276,-0.0273
T01,7.74,0.1774,0.4275,0.0094
T01,7.75,-0.0165,0.4265,-0.0005
T01,7.76,0.3957,0.4246,-0.0318
T01,7.77,0.7335,0.4217,0.024
T01,7.78,1.0079,0.4179,-0.0138
T01,7.79,1.3841,0.4132,-0.0151
T01,7.8,1.5296,0.4076,0.0053
T01,7.81,1.4574,0.4012,0.0245
T01,7.82,2.0268,0.3938,-0.0186
T01,7.83,2.2945,0.3857,0.0031
T01,7.84,2.5008,0.3767,0.0107
T01,7.85,2.816,0.3669,0.0161
T01,7.86,2.9716,0.3563,0.006
T01,7.87,3.0951,0.3449,-0.0047
T01,7.88,3.1809,0.3329,-0.0138
T01,7.89,3.0471,0.3201,0.0047
T01,7.9,3.6419,0.3066,-0.0183
T01,7.91,3.7661,0.2925,-0.0552
T01,7.92,3.9391,0.2778,0.0121
T01,7.93,3.781,0.2625,0.0216
T01,7.94,3.9626,0.2467,-0.0436
T01,7.95,4.5226,0.2303,-0.0164
T01,7.96,4.4275,0.2135,0.0163
T01,7.97,4.6854,0.1962,0.0451
T01,7.98,4.6583,0.1785,0.0045
T01,7.99,4.7518,0.1605,-0.0104
T02,0.0,19.9634,-0.0,-0.0028
T02,0.0125,20.2419,-0.0535,0.0191
T02,0.025,19.7666,-0.1067,-0.0011
T02,0.0375,19.6267,-0.1597,0.0224
T02,0.05,19.543,-0.2123,-0.0008
T02,0.0625,19.2646,-0.2645,0.0088
T02,0.075,19.2584,-0.316,-0.0031
T02,0.0875,19.3009,-0.3669,0.0296
T02,0.1,18.7468,-0.417,0.0335
T02,0.1125,18.3025,-0.4663,0.0113
T02,0.125,17.9307,-0.5145,0.0165
T02,0.1375,17.2785,-0.5618,-0.0136
T02,0.15,17.3368,-0.6079,0.009
T02,0.1625,16.6814,-0.6527,0.0136
T02,0.175,16.1663,-0.6963,0.0666
T02,0.1875,16.3161,-0.7384,-0.0086
T02,0.2,15.183,-0.7791,0.0425
T02,0.2125,14.3905,-0.8182,0.0326
T02,0.225,13.8462,-0.8557,0.0178
T02,0.2375,13.5259,-0.8916,0.0468
T02,0.25,12.659,-0.9256,0.0185
T02,0.2625,11.6656,-0.9579,0.0182
T02,0.275,11.432,-0.9882,0.0088
T02,0.2875,10.3889,-1.0166,0.0337
T02,0.3,10.1525,-1.0431,0.0305
T02,0.3125,9.2314,-1.0675,-0.0046
T02,0.325,8.1472,-1.0898,-0.0192
T02,0.3375,7.6996,-1.11,0.0024
T02,0.35,6.6504,-1.1281,-0.0102
T02,0.3625,5.9893,-1.144,0.0038
T02,0.375,5.0876,-1.1576,0.0291
T02,0.3875,3.9849,-1.1691,-0.0055
T02,0.4,3.1822,-1.1782,0.002
T02,0.4125,2.6684,-1.1851,0.0033
T02,0.425,1.5434,-1.1898,0.0184
T02,0.4375,0.6758,-1.1921,-0.0443
T02,0.45,-0.2887,-1.1922,-0.0122
T02,0.4625,-0.8657,-1.1899,0.0034
T02,0.475,-1.3877,-1.1854,0.0224
T02,0.4875,-2.8589,-1.1787,-0.0121
T02,0.5,-3.4795,-1.1696,-0.0406
T02,0.5125,-4.033,-1.1584,0.0086
T02,0.525,-5.153,-1.1449,-0.0172
T02,0.5375,-5.8573,-1.1293,-0.029
T02,0.55,-6.9585,-1.1116,-0.0184
T02,0.5625,-7.4445,-1.0917,-0.0103
T02,0.575,-8.3362,-1.0698,-0.0193
T02,0.5875,-8.8533,-1.0458,-0.052
T02,0.6,-9.5463,-1.0199,0.0094
T02,0.6125,-9.9794,-0.9921,0.0163
T02,0.625,-11.0739,-0.9624,0.0033
T02,0.6375,-11.7947,-0.9309,-0.0331
T02,0.65,-12.4675,-0.8977,-0.0149
T02,0.6625,-13.1986,-0.8628,-0.0116
T02,0.675,-13.6559,-0.8262,-0.0
T02,0.6875,-14.3511,-0.7882,0.0009
T02,0.7,-14.7987,-0.7487,-0.0276
T02,0.7125,-15.08,-0.7078,-0.0117
T02,0.725,-16.026,-0.6657,-0.0047
T02,0.7375,-16.0468,-0.6223,0.0149
T02,0.75,-16.4297,-0.5777,-0.0005
T02,0.7625,-17.1025,-0.5322,0.0009
T02,0.775,-17.8558,-0.4857,-0.0135
T02,0.7875,-17.8717,-0.4383,0.0127
T02,0.8,-17.775,-0.3901,-0.0075
T02,0.8125,-18.2883,-0.3413,-0.0332
T02,0.825,-18.6975,-0.2918,0.0119
T02,0.8375,-18.7769,-0.2419,-0.0023
T02,0.85,-18.65,-0.1916,-0.0253
T02,0.8625,-18.8148,-0.141,-0.0261
T02,0.875,-19.0416,-0.0902,-0.0106
T02,0.8875,-19.1003,-0.0393,-0.0073
T02,0.9,-19.102,0.0116,-0.0127
T02,0.9125,-19.1684,0.0625,-0.0103
T02,0.925,-18.5848,0.1131,0.0175
T02,0.9375,-18.8602,0.1634,0.005
T02,0.95,-18.4043,0.2134,-0.0125
T02,0.9625,-18.16,0.2629,0.0027
T02,0.975,-18.046,0.3118,-0.0366
T02,0.9875,-18.0788,0.3601,-0.0077
T02,1.0,-17.6244,0.4075,0.0207
T02,1.0125,-17.3891,0.4542,-0.0195
T02,1.025,-17.2114,0.4999,-0.0318
T02,1.0375,-16.58,0.5446,-0.0276
T02,1.05,-16.4635,0.5882,-0.036
T02,1.0625,-15.5426,0.6306,-0.0295
T02,1.075,-15.3958,0.6717,-0.0208
T02,1.0875,-14.7568,0.7115,-0.041
T02,1.1,-14.2069,0.7499,-0.0121
T02,1.1125,-13.7553,0.7867,0.0061
T02,1.125,-13.0006,0.8221,-0.0296
T02,1.1375,-12.6031,0.8558,0.0195
T02,1.15,-11.7009,0.8878,-0.0001
T02,1.1625,-11.4896,0.9181,0.0108
T02,1.175,-10.5198,0.9465,-0.0224
T02,1.1875,-9.4626,0.9731,0.0085
T02,1.2,-9.338,0.9979,-0.0298
T02,1.2125,-8.5444,1.0206,0.0105
T02,1.225,-7.562,1.0414,-0.0033
T02,1.2375,-6.8711,1.0602,0.005
T02,1.25,-6.0669,1.0769,-0.0289
T02,1.2625,-5.2586,1.0915,-0.0226
T02,1.275,-4.4397,1.104,0.008
T02,1.2875,-3.5472,1.1144,-0.0223
T02,1.3,-2.8836,1.1226,0.0067
T02,1.3125,-2.2057,1.1287,-0.0292
T02,1.325,-1.2118,1.1326,0.0158
T02,1.3375,-0.1538,1.1343,-0.0251
T02,1.35,0.2522,1.1339,0.0113
T02,1.3625,0.8946,1.1313,0.0135
T02,1.375,2.1185,1.1265,-0.0123
T02,1.3875,2.6759,1.1196,0.014
T02,1.4,3.062,1.1105,0.0083
T02,1.4125,4.4548,1.0993,-0.007
T02,1.425,4.9577,1.0861,-0.0158
T02,1.4375,5.8153,1.0707,-0.0342
T02,1.45,6.6563,1.0534,0.0127
T02,1.4625,7.3708,1.034,-0.0249
T02,1.475,8.2023,1.0127,0.0089
T02,1.4875,8.6845,0.9895,0.0024
T02,1.5,9.5677,0.9644,0.0218
T02,1.5125,10.0876,0.9375,0.0028
T02,1.525,10.9413,0.9089,0.0028
T02,1.5375,11.5491,0.8785,0.0246
T02,1.55,11.8486,0.8466,0.0172
T02,1.5625,12.8387,0.813,0.0173
T02,1.575,13.0752,0.7779,0.0209
T02,1.5875,13.8788,0.7414,-0.0187
T02,1.6,14.2984,0.7035,0.0275
T02,1.6125,15.0725,0.6643,0.0251
T02,1.625,15.1112,0.6239,-0.0071
T02,1.6375,15.5074,0.5824,0.0087
T02,1.65,15.9643,0.5398,0.0131
T02,1.6625,16.2674,0.4963,0.0116
T02,1.675,16.8162,0.4518,0.0212
T02,1.6875,16.6287,0.4065,0.0434
T02,1.7,17.004,0.3606,0.0367
T02,1.7125,17.2308,0.314,-0.011
T02,1.725,17.8302,0.2668,0.0278
T02,1.7375,18.144,0.2192,0.0421
T02,1.75,17.9085,0.1713,0.0234
T02,1.7625,17.9885,0.1231,0.0375
T02,1.775,18.0946,0.0747,0.056
T02,1.7875,18.3366,0.0263,0.0363
T02,1.8,17.9076,-0.0222,0.0208
T02,1.8125,18.0951,-0.0705,0.0367
T02,1.825,18.1622,-0.1186,0.0186
T02,1.8375,17.9529,-0.1664,0.0161
T02,1.85,17.742,-0.2138,0.0084
T02,1.8625,17.7221,-0.2608,0.0466
T02,1.875,16.7657,-0.3072,-0.0013
T02,1.8875,17.1935,-0.3529,0.0455
T02,1.9,16.6465,-0.398,0.0246
T02,1.9125,16.0987,-0.4421,-0.0136
T02,1.925,16.2236,-0.4854,0.0214
T02,1.9375,16.0221,-0.5277,-0.0283
T02,1.95,15.3164,-0.5689,0.0259
T02,1.9625,15.102,-0.609,0.0307
T02,1.975,14.7736,-0.6478,0.0008
T02,1.9875,14.2268,-0.6854,0.0147
T02,2.0,13.7784,-0.7216,0.0508
T02,2.0125,13.0603,-0.7563,0.0012
T02,2.025,12.3645,-0.7896,-0.0104
T02,2.0375,11.4437,-0.8213,0.0399
T02,2.05,11.1079,-0.8514,0.049
T02,2.0625,10.3609,-0.8798,0.0093
T02,2.075,10.3169,-0.9065,0.0289
T02,2.0875,9.1827,-0.9314,0.0349
T02,2.1,8.5609,-0.9545,-0.0074
T02,2.1125,7.9496,-0.9757,-0.0029
T02,2.125,7.137,-0.995,0.0308
T02,2.1375,6.7436,-1.0125,0.0393
T02,2.15,5.5451,-1.0279,0.0162
T02,2.1625,4.9637,-1.0414,-0.0133
T02,2.175,4.0231,-1.0528,0.0434
T02,2.1875,3.1475,-1.0622,-0.0076
T02,2.2,2.5235,-1.0696,-0.0044
T02,2.2125,1.8688,-1.0749,0.0085
T02,2.225,1.0182,-1.0781,0.032
T02,2.2375,0.1924,-1.0793,0.0174
T02,2.25,-0.7231,-1.0784,0.0079
T02,2.2625,-1.2293,-1.0754,0.0082
T02,2.275,-2.281,-1.0704,-0.0009
T02,2.2875,-2.5906,-1.0633,0.0088
T02,2.3,-3.4824,-1.0543,-0.0536
T02,2.3125,-4.5389,-1.0432,-0.0096
T02,2.325,-5.0486,-1.0301,0.0005
T02,2.3375,-5.866,-1.0151,-0.028
T02,2.35,-6.3685,-0.9981,0.0021
T02,2.3625,-6.8678,-0.9793,-0.0103
T02,2.375,-8.1998,-0.9586,0.0283
T02,2.3875,-8.4746,-0.9361,0.024
T02,2.4,-9.1854,-0.9118,-0.0173
T02,2.4125,-9.6564,-0.8859,-0.0116
T02,2.425,-10.3656,-0.8582,-0.0106
T02,2.4375,-11.1555,-0.829,-0.0186
T02,2.45,-11.6439,-0.7982,-0.0062
T02,2.4625,-12.2913,-0.766,-0.0258
T02,2.475,-12.4449,-0.7323,-0.0337
T02,2.4875,-13.1588,-0.6972,0.001
T02,2.5,-13.2599,-0.6609,0.0007
T02,2.5125,-14.1026,-0.6233,-0.0284
T02,2.525,-14.6549,-0.5847,0.0052
T02,2.5375,-15.2103,-0.5449,-0.0256
T02,2.55,-15.6334,-0.5042,-0.0083
T02,2.5625,-15.9251,-0.4625,0.0028
T02,2.575,-15.86,-0.42,-0.0146
T02,2.5875,-16.086,-0.3768,-0.005
T02,2.6,-16.7468,-0.3329,-0.0247
T02,2.6125,-16.4626,-0.2885,-0.0185
T02,2.625,-16.9172,-0.2435,-0.0188
T02,2.6375,-16.9377,-0.1982,-0.0297
T02,2.65,-16.7583,-0.1525,-0.0184
T02,2.6625,-16.9823,-0.1066,-0.0459
T02,2.675,-17.2633,-0.0605,-0.0248
T02,2.6875,-17.4027,-0.0145,-0.0207
T02,2.7,-17.6368,0.0316,-0.0201
T02,2.7125,-17.2992,0.0775,-0.0198
T02,2.725,-17.1138,0.1233,-0.0161
T02,2.7375,-17.1526,0.1687,-0.0052
T02,2.75,-16.8328,0.2137,0.0028
T02,2.7625,-16.6105,0.2583,-0.0275
T02,2.775,-16.4586,0.3023,-0.0384
T02,2.7875,-16.3002,0.3456,-0.035
T02,2.8,-15.8625,0.3883,-0.0236
T02,2.8125,-15.5038,0.4301,-0.0206
T02,2.825,-15.4767,0.4711,-0.0287
T02,2.8375,-14.6142,0.5111,-0.0389
T02,2.85,-14.5258,0.5501,-0.0218
T02,2.8625,-14.0848,0.5879,-0.0087
T02,2.875,-13.5031,0.6246,-0.0
T02,2.8875,-13.1286,0.66,-0.0226
T02,2.9,-12.4907,0.6942,-0.0193
T02,2.9125,-12.1063,0.7269,-0.0291
T02,2.925,-11.746,0.7582,-0.0108
T02,2.9375,-10.9895,0.788,-0.0266
T02,2.95,-10.7085,0.8163,0.0023
T02,2.9625,-9.8567,0.843,-0.0443
T02,2.975,-9.2656,0.868,-0.0153
T02,2.9875,-8.6643,0.8913,-0.0015
T02,3.0,-7.9965,0.9128,-0.0033
T02,3.0125,-7.6809,0.9326,0.0475
T02,3.025,-6.7349,0.9506,0.0012
T02,3.0375,-5.9155,0.9668,-0.0253
T02,3.05,-5.2006,0.981,-0.0065
T02,3.0625,-4.7276,0.9934,-0.0395
T02,3.075,-3.5507,1.0038,-0.0049
T02,3.0875,-3.2526,1.0123,-0.0193
T02,3.1,-2.1561,1.0189,0.0163
T02,3.1125,-1.5317,1.0235,-0.0124
T02,3.125,-1.0114,1.0261,-0.0031
T02,3.1375,0.2085,1.0268,-0.0128
T02,3.15,0.3496,1.0255,0.0353
T02,3.1625,1.5049,1.0222,-0.0053
T02,3.175,2.2504,1.017,0.0384
T02,3.1875,2.6404,1.0098,0.0187
T02,3.2,3.7709,1.0008,0.0127
T02,3.2125,4.1527,0.9898,0.011
T02,3.225,4.9616,0.9769,0.0122
T02,3.2375,5.6468,0.9622,-0.0337
T02,3.25,6.247,0.9456,-0.0001
T02,3.2625,7.1023,0.9273,0.023
T02,3.275,7.7508,0.9072,0.0056
T02,3.2875,7.879,0.8854,-0.0209
T02,3.3,9.1095,0.862,0.0067
T02,3.3125,9.1182,0.8369,0.0423
T02,3.325,10.2404,0.8103,0.0337
T02,3.3375,10.8224,0.7821,0.008
T02,3.35,10.921,0.7525,0.0287
T02,3.3625,11.577,0.7215,0.0028
T02,3.375,11.935,0.6892,-0.0235
T02,3.3875,12.5862,0.6555,-0.0075
T02,3.4,13.0157,0.6207,0.0427
T02,3.4125,13.6557,0.5847,0.0063
T02,3.425,14.1579,0.5477,0.0073
T02,3.4375,14.5439,0.5096,0.0065
T02,3.45,14.4934,0.4707,0.0508
T02,3.4625,14.8766,0.4309,0.0455
T02,3.475,14.8654,0.3903,0.0576
T02,3.4875,15.295,0.349,0.0103
T02,3.5,15.8733,0.3071,0.0196
T02,3.5125,16.1973,0.2647,-0.0165
T02,3.525,15.7905,0.2218,0.0435
T02,3.5375,16.0511,0.1786,-0.0092
T02,3.55,16.2654,0.1351,0.0185
T02,3.5625,16.3965,0.0914,-0.0077
T02,3.575,16.217,0.0476,0.0025
T02,3.5875,16.4707,0.0037,-0.0024
T02,3.6,16.2667,-0.0401,0.0021
T02,3.6125,16.3029,-0.0837,0.0034
T02,3.625,16.3282,-0.1272,0.0032
T02,3.6375,16.1025,-0.1703,0.0307
T02,3.65,15.8655,-0.2131,-0.0082
T02,3.6625,15.752,-0.2553,0.0182
T02,3.675,15.5475,-0.2971,0.0379
T02,3.6875,15.2529,-0.3382,0.0031
T02,3.7,15.0079,-0.3786,-0.0012
T02,3.7125,15.0837,-0.4182,0.0083
T02,3.725,14.5525,-0.457,0.0362
T02,3.7375,14.0304,-0.4948,0.0162
T02,3.75,13.8516,-0.5317,0.0013
T02,3.7625,13.2424,-0.5674,0.0213
T02,3.775,13.1159,-0.6021,-0.0108
T02,3.7875,12.5031,-0.6355,0.0245
T02,3.8,11.9325,-0.6677,0.0186
T02,3.8125,11.5461,-0.6985,0.0038
T02,3.825,10.6237,-0.728,-0.0072
T02,3.8375,10.1736,-0.756,-0.0087
T02,3.85,9.6021,-0.7825,0.0193
T02,3.8625,9.2934,-0.8075,0.0327
T02,3.875,9.0182,-0.831,-0.0052
T02,3.8875,8.5091,-0.8528,0.0162
T02,3.9,7.567,-0.8729,-0.0352
T02,3.9125,6.9027,-0.8914,-0.0058
T02,3.925,5.7934,-0.9081,0.0047
T02,3.9375,5.3852,-0.923,-0.0134
T02,3.95,4.6667,-0.9362,-0.0145
T02,3.9625,4.0223,-0.9475,-0.0097
T02,3.975,3.4281,-0.957,0.0089
T02,3.9875,2.6768,-0.9647,-0.0013
T02,4.0,1.6806,-0.9705,-0.043
T02,4.0125,1.5282,-0.9745,-0.0412
T02,4.025,0.4646,-0.9765,-0.0115
T02,4.0375,0.0272,-0.9767,0.0091
T02,4.05,-0.3046,-0.9751,-0.0556
T02,4.0625,-1.5998,-0.9715,-0.0112
T02,4.075,-2.6147,-0.9662,-0.0124
T02,4.0875,-2.8536,-0.9589,0.0253
T02,4.1,-3.2577,-0.9499,-0.0107
T02,4.1125,-3.7601,-0.939,0.004
T02,4.125,-5.0626,-0.9264,-0.0014
T02,4.1375,-5.3722,-0.912,-0.0474
T02,4.15,-6.2081,-0.8958,0.01
T02,4.1625,-6.767,-0.878,-0.0016
T02,4.175,-6.834,-0.8585,0.0037
T02,4.1875,-8.2656,-0.8374,0.0716
T02,4.2,-8.5002,-0.8148,-0.0491
T02,4.2125,-9.0263,-0.7906,0.0265
T02,4.225,-9.4532,-0.7649,-0.0142
T02,4.2375,-10.1821,-0.7378,-0.0032
T02,4.25,-10.6511,-0.7093,-0.0103
T02,4.2625,-11.2808,-0.6795,-0.0183
T02,4.275,-11.6163,-0.6484,-0.0216
T02,4.2875,-12.1834,-0.6162,-0.004
T02,4.3,-12.4113,-0.5828,-0.0413
T02,4.3125,-13.0058,-0.5483,0.0037
T02,4.325,-13.2274,-0.5128,-0.0199
T02,4.3375,-13.6536,-0.4764,-0.0345
T02,4.35,-13.7409,-0.4392,-0.0212
T02,4.3625,-14.2676,-0.4011,0.0127
T02,4.375,-14.8754,-0.3624,-0.0234
T02,4.3875,-14.5036,-0.323,-0.0057
T02,4.4,-15.1439,-0.283,-0.0277
T02,4.4125,-15.2713,-0.2425,0.0019
T02,4.425,-15.4082,-0.2017,0.0004
T02,4.4375,-15.1332,-0.1605,0.0235
T02,4.45,-15.9246,-0.119,-0.017
T02,4.4625,-14.9295,-0.0774,-0.0002
T02,4.475,-15.3755,-0.0357,-0.0116
T02,4.4875,-15.5419,0.006,0.0123
T02,4.5,-15.5675,0.0476,-0.028
T02,4.5125,-15.4396,0.0891,0.0014
T02,4.525,-15.3031,0.1304,-0.0173
T02,4.5375,-15.1596,0.1714,-0.0146
T02,4.55,-15.0296,0.2119,-0.0114
T02,4.5625,-14.9462,0.2521,-0.008
T02,4.575,-14.7985,0.2916,-0.0152
T02,4.5875,-14.5563,0.3306,-0.0084
T02,4.6,-14.3045,0.3689,0.0191
T02,4.6125,-13.7512,0.4064,0.0075
T02,4.625,-13.5454,0.4431,0.0055
T02,4.6375,-13.9127,0.4789,-0.0207
T02,4.65,-12.8288,0.5137,-0.0291
T02,4.6625,-12.5321,0.5475,0.0081
T02,4.675,-12.1623,0.5802,0.0069
T02,4.6875,-11.8011,0.6117,0.0192
T02,4.7,-11.0416,0.642,-0.0219
T02,4.7125,-10.5989,0.6711,-0.014
T02,4.725,-10.445,0.6988,-0.0418
T02,4.7375,-9.6921,0.7251,-0.0164
T02,4.75,-9.4329,0.7501,0.0119
T02,4.7625,-8.9626,0.7735,-0.0169
T02,4.775,-8.2442,0.7955,0.0057
T02,4.7875,-7.3638,0.8158,-0.0104
T02,4.8,-6.7495,0.8346,0.0004
T02,4.8125,-6.2289,0.8518,-0.0285
T02,4.825,-5.5666,0.8673,-0.0033
T02,4.8375,-4.9784,0.8812,-0.0643
T02,4.85,-4.5711,0.8933,-0.0076
T02,4.8625,-3.71,0.9037,-0.0359
T02,4.875,-2.9835,0.9123,0.0214
T02,4.8875,-2.3348,0.9192,0.0134
T02,4.9,-1.5861,0.9244,0.0077
T02,4.9125,-1.0178,0.9277,0.0294
T02,4.925,-0.4235,0.9293,-0.0194
T02,4.9375,0.3859,0.9291,0.0351
T02,4.95,0.831,0.9271,0.0194
T02,4.9625,1.3218,0.9233,-0.0034
T02,4.975,2.1237,0.9178,0.0246
T02,4.9875,2.6604,0.9105,-0.0197
T02,5.0,3.3211,0.9015,-0.0135
T02,5.0125,4.0665,0.8907,-0.0086
T02,5.025,4.5675,0.8783,-0.0065
T02,5.0375,5.285,0.8643,-0.0165
T02,5.05,5.5774,0.8485,0.0297
T02,5.0625,6.596,0.8312,0.0005
T02,5.075,7.1375,0.8123,0.0133
T02,5.0875,7.5433,0.7919,-0.0047
T02,5.1,8.3924,0.77,-0.0292
T02,5.1125,8.9853,0.7467,0.0131
T02,5.125,8.996,0.7219,-0.0301
T02,5.1375,9.6661,0.6958,0.0072
T02,5.15,10.1464,0.6684,-0.0184
T02,5.1625,10.5735,0.6398,0.0491
T02,5.175,11.3674,0.61,0.028
T02,5.1875,11.5806,0.579,0.0123
T02,5.2,11.9616,0.547,0.0358
T02,5.2125,11.9853,0.514,-0.0061
T02,5.225,12.8604,0.4801,0.022
T02,5.2375,12.8079,0.4452,0.0154
T02,5.25,13.3648,0.4096,0.0169
T02,5.2625,13.6793,0.3733,0.0373
T02,5.275,14.1405,0.3362,0.0268
T02,5.2875,13.8242,0.2986,0.0181
T02,5.3,13.6725,0.2605,-0.0206
T02,5.3125,14.4759,0.2219,-0.0066
T02,5.325,14.9342,0.1829,0.0103
T02,5.3375,14.9287,0.1437,0.0147
T02,5.35,14.8014,0.1042,-0.0097
T02,5.3625,14.7113,0.0646,0.0612
T02,5.375,14.9928,0.0249,0.0433
T02,5.3875,14.63,-0.0148,0.025
T02,5.4,14.8849,-0.0544,0.0143
T02,5.4125,14.8274,-0.0938,0.0086
T02,5.425,14.8469,-0.133,-0.0063
T02,5.4375,15.0675,-0.1719,0.0142
T02,5.45,14.447,-0.2104,0.0177
T02,5.4625,14.0925,-0.2485,-0.0124
T02,5.475,13.988,-0.286,0.0189
T02,5.4875,13.4115,-0.3229,0.0089
T02,5.5,13.3726,-0.3592,-0.0264
T02,5.5125,13.1504,-0.3947,-0.0057
T02,5.525,12.8232,-0.4294,0.003
T02,5.5375,12.6299,-0.4632,0.0487
T02,5.55,12.0827,-0.4962,0.0218
T02,5.5625,12.0962,-0.5281,-0.0163
T02,5.575,11.4746,-0.5589,0.0197
T02,5.5875,11.0539,-0.5887,-0.0213
T02,5.6,10.5507,-0.6172,0.0309
T02,5.6125,10.1882,-0.6446,-0.0006
T02,5.625,9.8442,-0.6707,0.0066
T02,5.6375,9.0099,-0.6954,0.0345
T02,5.65,8.539,-0.7188,-0.0182
T02,5.6625,8.0813,-0.7408,-0.0208
T02,5.675,7.3294,-0.7614,-0.005
T02,5.6875,6.8774,-0.7804,0.0269
T02,5.7,6.376,-0.7979,-0.0247
T02,5.7125,6.0646,-0.8139,-0.0515
T02,5.725,5.3502,-0.8283,-0.0044
T02,5.7375,4.735,-0.8411,0.0151
T02,5.75,4.2569,-0.8523,0.0276
T02,5.7625,3.4427,-0.8618,-0.0062
T02,5.775,2.926,-0.8696,-0.0057
T02,5.7875,2.2004,-0.8758,0.025
T02,5.8,1.6438,-0.8803,-0.036
T02,5.8125,0.8417,-0.8831,-0.0069
T02,5.825,-0.1629,-0.8842,0.0041
T02,5.8375,-0.3351,-0.8836,0.0087
T02,5.85,-0.6554,-0.8813,-0.011
T02,5.8625,-1.3837,-0.8773,-0.0007
T02,5.875,-2.001,-0.8717,-0.0517
T02,5.8875,-2.5669,-0.8644,-0.0156
T02,5.9,-3.4102,-0.8555,0.0061
T02,5.9125,-3.9949,-0.8449,-0.0232
T02,5.925,-4.7557,-0.8327,-0.0029
T02,5.9375,-5.2835,-0.8189,0.0044
T02,5.95,-5.6744,-0.8036,-0.0119
T02,5.9625,-6.1222,-0.7868,-0.0021
T02,5.975,-6.9433,-0.7685,-0.0253
T02,5.9875,-7.5439,-0.7488,-0.0106
T02,6.0,-7.9772,-0.7276,0.0052
T02,6.0125,-8.3644,-0.7051,-0.0043
T02,6.025,-9.2639,-0.6812,-0.0196
T02,6.0375,-9.907,-0.6561,-0.0038
T02,6.05,-10.0117,-0.6298,0.0057
T02,6.0625,-10.58,-0.6023,-0.05
T02,6.075,-10.8513,-0.5737,0.0138
T02,6.0875,-11.172,-0.544,-0.0164
T02,6.1,-11.6039,-0.5133,-0.0015
T02,6.1125,-11.571,-0.4817,0.0136
T02,6.125,-12.1212,-0.4492,-0.0381
T02,6.1375,-12.4277,-0.4159,-0.0251
T02,6.15,-12.6403,-0.3818,-0.0169
T02,6.1625,-13.2446,-0.3471,-0.027
T02,6.175,-13.0359,-0.3117,0.0231
T02,6.1875,-13.46,-0.2758,-0.0289
T02,6.2,-13.4859,-0.2394,-0.023
T02,6.2125,-13.9832,-0.2026,-0.0079
T02,6.225,-14.2019,-0.1655,-0.0362
T02,6.2375,-13.823,-0.1281,-0.0201
T02,6.25,-13.9799,-0.0905,-0.0059
T02,6.2625,-14.2771,-0.0528,-0.019
T02,6.275,-14.2851,-0.015,-0.0142
T02,6.2875,-13.8736,0.0227,-0.0229
T02,6.3,-14.297,0.0603,-0.0426
T02,6.3125,-13.6642,0.0978,-0.0058
T02,6.325,-14.0798,0.135,0.023
T02,6.3375,-13.6524,0.172,-0.0117
T02,6.35,-13.7,0.2085,-0.0074
T02,6.3625,-13.342,0.2446,0.0021
T02,6.375,-13.3742,0.2802,-0.037
T02,6.3875,-13.0756,0.3152,0.0227
T02,6.4,-12.7878,0.3495,-0.0071
T02,6.4125,-12.7252,0.3831,0.0217
T02,6.425,-12.0818,0.416,-0.0253
T02,6.4375,-12.0148,0.448,0.026
T02,6.45,-11.6177,0.4791,0.0054
T02,6.4625,-11.409,0.5092,0.0013
T02,6.475,-11.3398,0.5383,-0.0048
T02,6.4875,-10.4625,0.5664,-0.0141
T02,6.5,-9.5193,0.5933,0.0153
T02,6.5125,-9.4039,0.619,-0.0055
T02,6.525,-9.106,0.6436,-0.0473
T02,6.5375,-8.6792,0.6668,-0.0299
T02,6.55,-8.1308,0.6888,-0.0108
T02,6.5625,-7.5197,0.7094,-0.0005
T02,6.575,-7.3451,0.7286,-0.0073
T02,6.5875,-6.353,0.7464,0.0186
T02,6.6,-5.8879,0.7627,-0.0443
T02,6.6125,-5.3317,0.7776,-0.0019
T02,6.625,-4.8222,0.791,-0.0406
T02,6.6375,-4.332,0.8028,0.0114
T02,6.65,-3.6198,0.813,-0.0052
T02,6.6625,-3.0481,0.8217,0.0056
T02,6.675,-2.6442,0.8288,-0.0195
T02,6.6875,-2.0908,0.8343,0.0239
T02,6.7,-1.3555,0.8382,0.0196
T02,6.7125,-0.4641,0.8405,0.011
T02,6.725,-0.419,0.8412,-0.0027
T02,6.7375,0.1374,0.8403,0.012
T02,6.75,1.0644,0.8377,-0.0132
T02,6.7625,1.6393,0.8336,0.0185
T02,6.775,2.2575,0.8279,0.0349
T02,6.7875,2.8603,0.8206,0.0239
T02,6.8,3.3493,0.8117,-0.0116
T02,6.8125,4.267,0.8013,0.0107
T02,6.825,4.2156,0.7894,-0.0219
T02,6.8375,4.9274,0.7759,0.0159
T02,6.85,5.6192,0.761,0.0139
T02,6.8625,5.8464,0.7447,-0.032
T02,6.875,6.6624,0.727,-0.0174
T02,6.8875,7.539,0.7079,0.0006
T02,6.9,7.7054,0.6874,0.0007
T02,6.9125,8.2265,0.6657,-0.0171
T02,6.925,8.3911,0.6428,0.0153
T02,6.9375,8.9655,0.6186,0.013
T02,6.95,9.4413,0.5933,0.0044
T02,6.9625,9.8616,0.5669,-0.0065
T02,6.975,10.5707,0.5394,0.03
T02,6.9875,10.7948,0.511,0.0424
T02,7.0,10.8089,0.4816,-0.0
T02,7.0125,11.4068,0.4513,-0.0023
T02,7.025,11.7613,0.4202,0.02
T02,7.0375,12.171,0.3883,0.0033
T02,7.05,12.5172,0.3558,0.0079
T02,7.0625,12.2325,0.3226,0.0256
T02,7.075,12.4836,0.2888,-0.0272
T02,7.0875,12.58,0.2545,0.0376
T02,7.1,12.9456,0.2198,0.0128
T02,7.1125,13.2215,0.1847,0.0032
T02,7.125,13.4362,0.1493,0.0098
T02,7.1375,13.3086,0.1137,0.0109
T02,7.15,13.3191,0.0779,-0.0229
T02,7.1625,13.4471,0.042,0.0416
T02,7.175,13.2576,0.0061,0.0125
T02,7.1875,13.8248,-0.0298,0.0206
T02,7.2,13.0419,-0.0656,0.0307
T02,7.2125,13.3314,-0.1012,-0.0088
T02,7.225,13.6048,-0.1365,0.021
T02,7.2375,13.0819,-0.1716,0.0061
T02,7.25,12.8982,-0.2063,0.0282
T02,7.2625,12.6958,-0.2405,-0.0314
T02,7.275,12.538,-0.2742,0.009
T02,7.2875,12.6317,-0.3074,-0.0013
T02,7.3,11.6745,-0.3399,0.0192
T02,7.3125,12.1603,-0.3717,0.0197
T02,7.325,11.2833,-0.4028,-0.0041
T02,7.3375,11.2075,-0.433,-0.0044
T02,7.35,10.8466,-0.4624,0.0073
T02,7.3625,10.7012,-0.4909,-0.0087
T02,7.375,9.8952,-0.5183,0.0258
T02,7.3875,9.9195,-0.5448,0.0012
T02,7.4,9.826,-0.5701,-0.0499
T02,7.4125,8.725,-0.5944,0.0004
T02,7.425,8.5954,-0.6174,-0.0133
T02,7.4375,7.9692,-0.6393,-0.0256
T02,7.45,7.716,-0.6599,-0.0181
T02,7.4625,7.1499,-0.6792,0.0084
T02,7.475,6.52,-0.6972,0.0324
T02,7.4875,6.2361,-0.7138,0.0116
T02,7.5,5.9786,-0.729,-0.0072
T02,7.5125,5.0486,-0.7428,0.0136
T02,7.525,4.6909,-0.7552,-0.0052
T02,7.5375,3.7405,-0.7661,-0.0104
T02,7.55,3.2531,-0.7755,-0.0201
T02,7.5625,2.9783,-0.7835,-0.0325
T02,7.575,2.6154,-0.7899,-0.0058
T02,7.5875,1.8207,-0.7948,0.0047
T02,7.6,1.1155,-0.7981,-0.0009
T02,7.6125,0.605,-0.8,-0.0078
T02,7.625,-0.2183,-0.8002,-0.0189
T02,7.6375,-0.42,-0.799,0.0117
T02,7.65,-0.9352,-0.7962,-0.0273
T02,7.6625,-1.7699,-0.792,0.0141
T02,7.675,-2.3373,-0.7862,-0.022
T02,7.6875,-2.7489,-0.7789,-0.0175
T02,7.7,-3.4421,-0.7701,-0.0323
T02,7.7125,-3.9134,-0.7599,-0.0134
T02,7.725,-4.0174,-0.7482,0.0156
T02,7.7375,-5.0148,-0.7351,0.006
T02,7.75,-5.5548,-0.7206,0.0148
T02,7.7625,-6.1191,-0.7048,0.0052
T02,7.775,-6.3351,-0.6876,-0.0277
T02,7.7875,-7.0014,-0.6691,-0.0127
T02,7.8,-7.5623,-0.6494,-0.0221
T02,7.8125,-7.6205,-0.6285,0.0197
T02,7.825,-8.0375,-0.6064,-0.0312
T02,7.8375,-8.8616,-0.5831,0.0102
T02,7.85,-9.5176,-0.5588,0.0099
T02,7.8625,-9.3275,-0.5334,0.0283
T02,7.875,-10.0318,-0.5071,-0.0168
T02,7.8875,-10.0832,-0.4798,0.0053
T02,7.9,-10.9617,-0.4516,0.0364
T02,7.9125,-10.6949,-0.4226,-0.0218
T02,7.925,-11.4,-0.3929,-0.0404
T02,7.9375,-11.2743,-0.3624,-0.0476
T02,7.95,-11.6581,-0.3313,0.0041
T02,7.9625,-12.0695,-0.2996,-0.048
T02,7.975,-12.1548,-0.2673,-0.018
T02,7.9875,-12.1075,-0.2346,-0.0019
T02,8.0,-12.3713,-0.2015,-0.0071
T02,8.0125,-12.3993,-0.1681,-0.0024
T02,8.025,-12.2205,-0.1343,-0.0066
T02,8.0375,-13.0039,-0.1004,0.0145
T02,8.05,-12.4185,-0.0663,-0.0302
T02,8.0625,-12.7474,-0.0322,-0.0247
T02,8.075,-12.95,0.002,-0.0266
T02,8.0875,-13.0138,0.0361,0.0055
T02,8.1,-12.7386,0.0702,0.0069
T02,8.1125,-12.4453,0.104,-0.002
T02,8.125,-12.5599,0.1376,0.0127
T02,8.1375,-12.113,0.1708,-0.0344
T02,8.15,-12.5628,0.2037,0.0226
T02,8.1625,-12.1089,0.2362,0.0199
T02,8.175,-12.168,0.2682,0.0043
T02,8.1875,-11.6333,0.2996,0.0254
T02,8.2,-11.295,0.3304,-0.0431
T02,8.2125,-11.3012,0.3605,-0.0203
T02,8.225,-11.4614,0.3899,-0.0243
T02,8.2375,-10.6038,0.4184,0.0051
T02,8.25,-10.2393,0.4462,-0.03
T02,8.2625,-9.9095,0.4731,0.0064
T02,8.275,-9.3882,0.499,0.019
T02,8.2875,-9.4767,0.5239,0.0058
T02,8.3,-8.7363,0.5478,-0.0021
T02,8.3125,-8.2272,0.5706,-0.0271
T02,8.325,-8.3992,0.5923,-0.024
T02,8.3375,-7.5425,0.6128,0.0184
T02,8.35,-7.2563,0.6321,0.0093
T02,8.3625,-6.7077,0.6502,-0.0066
T02,8.375,-6.1456,0.667,-0.0138
T02,8.3875,-5.8251,0.6825,-0.0455
T02,8.4,-5.365,0.6967,-0.026
T02,8.4125,-4.7159,0.7095,0.0341
T02,8.425,-4.4247,0.721,-0.0293
T02,8.4375,-3.9017,0.731,0.0006
T02,8.45,-3.0195,0.7397,0.0174
T02,8.4625,-2.8507,0.7469,-0.0274
T02,8.475,-1.949,0.7527,0.0019
T02,8.4875,-1.4478,0.757,0.0174
T02,8.5,-1.3413,0.7598,-0.0006
T02,8.5125,-0.5864,0.7613,0.057
T02,8.525,0.3333,0.7612,-0.0333
T02,8.5375,0.4427,0.7597,0.0217
T02,8.55,1.0886,0.7567,-0.0024
T02,8.5625,1.8133,0.7523,0.0169
T02,8.575,2.413,0.7465,0.0108
T02,8.5875,2.7364,0.7392,-0.0122
T02,8.6,3.1915,0.7305,0.0075
T02,8.6125,4.1127,0.7205,-0.0338
T02,8.625,4.6852,0.7091,0.0159
T02,8.6375,5.0333,0.6963,0.0102
T02,8.65,5.3448,0.6822,0.0174
T02,8.6625,5.6454,0.6669,0.0262
T02,8.675,6.1085,0.6502,0.0128
T02,8.6875,6.834,0.6324,0.0088
T02,8.7,7.2545,0.6134,-0.0114
T02,8.7125,7.8781,0.5932,-0.0076
T02,8.725,8.1398,0.5719,0.0307
T02,8.7375,8.105,0.5496,0.0361
T02,8.75,8.9953,0.5262,0.0029
T02,8.7625,8.9473,0.5018,0.0089
T02,8.775,9.4141,0.4766,-0.0098
T02,8.7875,9.8662,0.4504,0.032
T02,8.8,10.5213,0.4234,0.0221
T02,8.8125,11.0304,0.3957,0.0479
T02,8.825,10.7957,0.3672,-0.0083
T02,8.8375,10.8828,0.3381,0.002
T02,8.85,11.2502,0.3083,0.0144
T02,8.8625,11.523,0.278,0.0228
T02,8.875,11.4616,0.2473,0.0057
T02,8.8875,12.0426,0.2161,-0.0073
T02,8.9,11.8649,0.1845,0.0279
T02,8.9125,12.0309,0.1526,0.0248
T02,8.925,12.154,0.1204,-0.0078
T02,8.9375,12.1714,0.0881,0.0377
T02,8.95,12.298,0.0557,0.034
T02,8.9625,12.0266,0.0232,0.0133
T02,8.975,12.0348,-0.0094,0.0122
T02,8.9875,11.8997,-0.0418,0.0217
T02,9.0,12.1577,-0.0741,-0.0067
T02,9.0125,12.1527,-0.1063,0.0111
T02,9.025,11.9926,-0.1381,-0.0327
T02,9.0375,12.1175,-0.1697,0.0278
T02,9.05,11.6405,-0.2009,-0.0211
T02,9.0625,11.6124,-0.2317,0.0401
T02,9.075,11.0756,-0.262,0.0033
T02,9.0875,11.0104,-0.2918,0.0054
T02,9.1,10.9999,-0.3209,-0.0031
T02,9.1125,10.7831,-0.3494,0.0035
T02,9.125,10.2869,-0.3772,0.0374
T02,9.1375,10.0445,-0.4042,-0.041
T02,9.15,9.4494,-0.4304,0.0341
T02,9.1625,9.3575,-0.4558,0.015
T02,9.175,9.2653,-0.4802,-0.0162
T02,9.1875,8.8437,-0.5037,-0.0139
T02,9.2,8.4539,-0.5262,0.0408
T02,9.2125,7.9735,-0.5477,-0.012
T02,9.225,7.5599,-0.5681,-0.0165
T02,9.2375,7.0075,-0.5873,0.029
T02,9.25,6.8474,-0.6054,0.0126
T02,9.2625,6.3476,-0.6224,-0.0133
T02,9.275,5.9061,-0.6381,0.0094
T02,9.2875,5.2364,-0.6525,-0.0159
T02,9.3,4.4353,-0.6657,0.0263
T02,9.3125,4.601,-0.6776,0.0251
T02,9.325,3.7937,-0.6882,0.014
T02,9.3375,3.2181,-0.6975,0.0102
T02,9.35,3.0247,-0.7054,0.0377
T02,9.3625,2.2982,-0.7119,0.0021
T02,9.375,2.0753,-0.7171,-0.022
T02,9.3875,1.4705,-0.7209,0.0102
T02,9.4,0.9658,-0.7233,0.0424
T02,9.4125,0.037,-0.7243,-0.02
T02,9.425,0.0338,-0.724,-0.0074
T02,9.4375,-0.6739,-0.7222,0.0077
T02,9.45,-1.3156,-0.7191,-0.0022
T02,9.4625,-1.7255,-0.7146,-0.0212
T02,9.475,-2.6178,-0.7087,0.0205
T02,9.4875,-2.6841,-0.7015,0.044
T02,9.5,-3.4691,-0.693,0.0011
T02,9.5125,-4.0241,-0.6831,-0.0214
T02,9.525,-4.5406,-0.6719,-0.0347
T02,9.5375,-4.4874,-0.6595,0.001
T02,9.55,-5.2998,-0.6458,0.0176
T02,9.5625,-5.3207,-0.6309,0.0046
T02,9.575,-6.1768,-0.6148,-0.0053
T02,9.5875,-6.841,-0.5976,-0.0175
T02,9.6,-7.1396,-0.5793,-0.0279
T02,9.6125,-7.0722,-0.5598,0.0103
T02,9.625,-7.739,-0.5393,0.0115
T02,9.6375,-8.1906,-0.5178,-0.038
T02,9.65,-8.4061,-0.4954,0.0244
T02,9.6625,-8.6782,-0.472,0.0038
T02,9.675,-8.8783,-0.4478,0.02
T02,9.6875,-9.1174,-0.4227,-0.0351
T02,9.7,-9.766,-0.3969,-0.0358
T02,9.7125,-10.2272,-0.3703,-0.0117
T02,9.725,-10.2932,-0.3431,0.0011
T02,9.7375,-10.387,-0.3152,0.0268
T02,9.75,-10.8401,-0.2868,0.0048
T02,9.7625,-11.0264,-0.2579,-0.0143
T02,9.775,-10.9328,-0.2285,-0.0301
T02,9.7875,-11.1566,-0.1987,0.0149
T02,9.8,-11.2641,-0.1686,-0.0291
T02,9.8125,-11.5243,-0.1382,0.0226
T02,9.825,-11.4988,-0.1076,-0.0157
T02,9.8375,-11.6956,-0.0768,0.0218
T02,9.85,-11.3687,-0.0459,0.0035
T02,9.8625,-11.3534,-0.015,-0.0128
T02,9.875,-11.9213,0.016,-0.0205
T02,9.8875,-11.7075,0.0468,-0.0169
T02,9.9,-11.7684,0.0775,-0.0014
T02,9.9125,-11.5247,0.1081,-0.0084
T02,9.925,-11.3152,0.1383,-0.0217
T02,9.9375,-11.4708,0.1683,-0.0131
T02,9.95,-11.2264,0.1979,-0.0081
T02,9.9625,-11.083,0.2271,-0.0521
T02,9.975,-10.6603,0.2558,-0.0002
T02,9.9875,-10.4872,0.284,-0.0288
T02,10.0,-10.4249,0.3116,-0.032
T02,10.0125,-10.0053,0.3385,-0.0425
T02,10.025,-9.8912,0.3648,-0.0444
T02,10.0375,-9.5591,0.3903,-0.0354
T02,10.05,-8.8751,0.4151,-0.0222
T02,10.0625,-8.6295,0.439,0.0313
T02,10.075,-8.8287,0.4621,-0.018
T02,10.0875,-8.0581,0.4842,-0.0036
T02,10.1,-7.7017,0.5054,0.0011
T02,10.1125,-7.719,0.5256,-0.0039
T02,10.125,-6.9372,0.5447,-0.0077
T02,10.1375,-6.3919,0.5628,-0.0298
T02,10.15,-6.5103,0.5798,0.0235
T02,10.1625,-6.0441,0.5956,0.031
T02,10.175,-5.2212,0.6103,-0.0384
T02,10.1875,-4.9249,0.6238,-0.0248
T02,10.2,-4.4143,0.6361,-0.0095
T02,10.2125,-3.994,0.6471,-0.0228
T02,10.225,-3.5142,0.6569,0.007
T02,10.2375,-3.3817,0.6654,-0.0173
T02,10.25,-2.4258,0.6726,0.041
T02,10.2625,-1.9157,0.6786,0.0219
T02,10.275,-1.7064,0.6832,0.0028
T02,10.2875,-1.1777,0.6865,0.0195
T02,10.3,-0.9821,0.6885,0.0215
T02,10.3125,-0.0793,0.6892,-0.0114
T02,10.325,0.4256,0.6885,-0.0161
T02,10.3375,0.7909,0.6865,0.0023
T02,10.35,1.5181,0.6833,0.0184
T02,10.3625,1.7131,0.6787,0.0043
T02,10.375,2.3755,0.6728,-0.0296
T02,10.3875,2.5362,0.6656,-0.0137
T02,10.4,3.2072,0.6572,0.0013
T02,10.4125,3.642,0.6476,0.0017
T02,10.425,4.1791,0.6367,0.0431
T02,10.4375,4.5088,0.6246,-0.0237
T02,10.45,4.9957,0.6113,0.0145
T02,10.4625,5.6163,0.5969,0.0345
T02,10.475,5.7818,0.5813,0.0506
T02,10.4875,5.954,0.5647,-0.0026
T02,10.5,7.0189,0.5469,0.0156
T02,10.5125,7.3256,0.5282,0.0175
T02,10.525,7.1571,0.5085,0.0104
T02,10.5375,7.9051,0.4879,0.0048
T02,10.55,8.0028,0.4663,0.0158
T02,10.5625,8.4763,0.4439,-0.0433
T02,10.575,8.7861,0.4206,0.0213
T02,10.5875,8.9669,0.3966,0.0104
T02,10.6,9.1259,0.3719,0.0037
T02,10.6125,9.3953,0.3464,0.0493
T02,10.625,9.5822,0.3204,-0.005
T02,10.6375,9.8122,0.2938,0.0006
T02,10.65,10.1588,0.2666,0.0487
T02,10.6625,10.2031,0.239,-0.0076
T02,10.675,10.6365,0.2109,-0.0018
T02,10.6875,10.9311,0.1825,0.0063
T02,10.7,10.6307,0.1538,0.0262
T02,10.7125,10.8869,0.1248,0.0136
T02,10.725,11.0103,0.0956,-0.0163
T02,10.7375,11.0552,0.0663,-0.0011
T02,10.75,11.0054,0.0369,-0.0026
T02,10.7625,11.147,0.0075,0.0081
T02,10.775,11.0821,-0.0219,0.0181
T02,10.7875,10.7043,-0.0512,0.0179
T02,10.8,11.0709,-0.0804,-0.026
T02,10.8125,10.999,-0.1094,0.0307
T02,10.825,10.5727,-0.1382,0.0144
T02,10.8375,10.6164,-0.1666,0.0369
T02,10.85,10.6088,-0.1947,0.018
T02,10.8625,10.2737,-0.2223,0.031
T02,10.875,10.354,-0.2495,0.0182
T02,10.8875,10.4169,-0.2762,0.0356
T02,10.9,9.5729,-0.3023,0.0189
T02,10.9125,9.2215,-0.3278,0.0063
T02,10.925,9.3083,-0.3527,0.0535
T02,10.9375,9.1242,-0.3768,0.0256
T02,10.95,8.6493,-0.4002,0.0191
T02,10.9625,8.6854,-0.4228,-0.0182
T02,10.975,7.8107,-0.4445,-0.0187
T02,10.9875,7.8856,-0.4654,0.0126
T02,11.0,7.2801,-0.4853,0.0094
T02,11.0125,7.3857,-0.5043,-0.0061
T02,11.025,7.0679,-0.5223,0.0086
T02,11.0375,6.1314,-0.5392,0.0373
T02,11.05,5.7787,-0.5551,0.019
T02,11.0625,5.6536,-0.57,-0.018
T02,11.075,4.9874,-0.5837,0.0022
T02,11.0875,4.6298,-0.5962,-0.0121
T02,11.1,4.2097,-0.6076,-0.0041
T02,11.1125,3.379,-0.6179,-0.005
T02,11.125,3.3119,-0.6269,-0.0067
T02,11.1375,2.7227,-0.6347,-0.0226
T02,11.15,2.3031,-0.6413,-0.0005
T02,11.1625,2.2276,-0.6467,-0.0095
T02,11.175,1.2217,-0.6508,-0.0573
T02,11.1875,1.1676,-0.6537,0.0419
T02,11.2,0.4798,-0.6553,0.0222
T02,11.2125,0.0099,-0.6556,-0.0075
T02,11.225,-0.2452,-0.6547,0.0
T02,11.2375,-0.8031,-0.6526,-0.0242
T02,11.25,-1.2224,-0.6492,0.0327
T02,11.2625,-1.6052,-0.6445,0.0364
T02,11.275,-2.3232,-0.6386,0.0012
T02,11.2875,-2.8326,-0.6316,0.0181
T02,11.3,-3.3746,-0.6233,0.0008
T02,11.3125,-3.7633,-0.6138,-0.0299
T02,11.325,-3.4417,-0.6032,-0.0118
T02,11.3375,-4.2074,-0.5914,-0.0013
T02,11.35,-5.1424,-0.5785,-0.0133
T02,11.3625,-5.5425,-0.5645,-0.009
T02,11.375,-5.5768,-0.5495,-0.0068
T02,11.3875,-5.9475,-0.5334,-0.0069
T02,11.4,-6.3189,-0.5164,-0.0046
T02,11.4125,-6.8385,-0.4983,-0.0271
T02,11.425,-7.1579,-0.4794,-0.0206
T02,11.4375,-7.3984,-0.4595,-0.0322
T02,11.45,-7.7633,-0.4388,0.0128
T02,11.4625,-8.5254,-0.4173,-0.0492
T02,11.475,-8.4127,-0.395,0.0158
T02,11.4875,-8.8058,-0.372,0.0202
T02,11.5,-8.8524,-0.3483,-0.0138
T02,11.5125,-8.5249,-0.324,-0.06
T02,11.525,-9.2652,-0.2991,-0.0154
T02,11.5375,-9.5999,-0.2736,-0.0096
T02,11.55,-9.5329,-0.2477,-0.0287
T02,11.5625,-9.7818,-0.2213,-0.0189
T02,11.575,-9.9364,-0.1945,0.0219
T02,11.5875,-10.0216,-0.1674,0.0044
T02,11.6,-9.8347,-0.14,-0.0274
T02,11.6125,-10.5555,-0.1124,-0.041
T02,11.625,-10.298,-0.0846,-0.0156
T02,11.6375,-10.6213,-0.0567,-0.0134
T02,11.65,-10.3483,-0.0287,0.0008
T02,11.6625,-10.6464,-0.0007,-0.0198
T02,11.675,-10.5294,0.0272,0.0011
T02,11.6875,-10.4682,0.0551,0.0296
T02,11.7,-10.1574,0.0828,0.0073
T02,11.7125,-10.0925,0.1104,-0.0099
T02,11.725,-10.4294,0.1377,-0.0125
T02,11.7375,-10.054,0.1646,-0.0159
T02,11.75,-10.0725,0.1913,0.0149
T02,11.7625,-10.029,0.2175,-0.0211
T02,11.775,-9.649,0.2433,-0.0075
T02,11.7875,-9.4774,0.2685,-0.0072
T02,11.8,-8.7227,0.2932,-0.0181
T02,11.8125,-8.8964,0.3174,-0.0353
T02,11.825,-9.0166,0.3409,-0.0012
T02,11.8375,-8.5957,0.3636,-0.0086
T02,11.85,-8.0043,0.3857,0.0028
T02,11.8625,-7.5014,0.407,-0.0176
T02,11.875,-7.932,0.4275,0.0178
T02,11.8875,-7.6723,0.4472,-0.0239
T02,11.9,-6.5902,0.4659,0.0282
T02,11.9125,-6.5416,0.4838,-0.0407
T02,11.925,-6.4361,0.5007,0.0032
T02,11.9375,-5.787,0.5166,0.0044
T02,11.95,-6.0417,0.5315,-0.0207
T02,11.9625,-5.1245,0.5453,0.004
T02,11.975,-4.661,0.5581,0.0215
T02,11.9875,-4.1346,0.5698,-0.0481
T03,0.0,15.1005,-0.0,0.0088
T03,0.0167,14.4751,-0.0356,0.0318
T03,0.0333,14.7204,-0.0711,0.0457
T03,0.05,15.1453,-0.1064,0.0392
T03,0.0667,14.5756,-0.1415,-0.009
T03,0.0833,14.2965,-0.1761,0.0076
T03,0.1,14.2983,-0.2103,0.0056
T03,0.1167,14.5256,-0.244,0.0221
T03,0.1333,13.4882,-0.2771,0.0258
T03,0.15,13.3556,-0.3096,-0.0049
T03,0.1667,13.5463,-0.3412,0.0129
T03,0.1833,13.2696,-0.3721,-0.0291
T03,0.2,12.4998,-0.4021,0.0398
T03,0.2167,11.8672,-0.4311,0.0003
T03,0.2333,12.1016,-0.4592,0.0113
T03,0.25,11.5429,-0.4861,0.0036
T03,0.2667,10.8764,-0.5119,0.0323
T03,0.2833,10.0709,-0.5365,-0.0478
T03,0.3,9.6938,-0.5599,0.0081
T03,0.3167,9.1204,-0.582,0.0059
T03,0.3333,8.6474,-0.6027,-0.0016
T03,0.35,8.2814,-0.622,0.0415
T03,0.3667,7.5597,-0.6399,-0.0113
T03,0.3833,6.5449,-0.6564,0.0213
T03,0.4,6.3977,-0.6713,0.0125
T03,0.4167,5.5339,-0.6846,0.03
T03,0.4333,4.946,-0.6964,-0.0091
T03,0.45,4.429,-0.7066,-0.0111
T03,0.4667,3.2321,-0.7152,0.0249
T03,0.4833,2.7588,-0.7222,0.0109
T03,0.5,1.9659,-0.7275,-0.0291
T03,0.5167,1.061,-0.7311,-0.0096
T03,0.5333,0.744,-0.7331,0.0083
T03,0.55,0.4764,-0.7334,0.0167
T03,0.5667,-1.0935,-0.7321,-0.0142
T03,0.5833,-1.4291,-0.7291,-0.0595
T03,0.6,-1.9876,-0.7244,0.0086
T03,0.6167,-2.7785,-0.7181,-0.0269
T03,0.6333,-3.5059,-0.7102,-0.0434
T03,0.65,-4.4145,-0.7007,-0.0603
T03,0.6667,-4.7693,-0.6896,0.0121
T03,0.6833,-5.6167,-0.677,-0.0022
T03,0.7,-6.5395,-0.6628,-0.0098
T03,0.7167,-6.4842,-0.6471,0.0219
T03,0.7333,-7.137,-0.63,0.0064
T03,0.75,-7.9066,-0.6115,0.0254
T03,0.7667,-8.4406,-0.5916,-0.0353
T03,0.7833,-8.8211,-0.5704,-0.0086
T03,0.8,-9.5194,-0.548,-0.0407
T03,0.8167,-9.8895,-0.5243,-0.0134
T03,0.8333,-10.6123,-0.4994,-0.0142
T03,0.85,-10.7484,-0.4735,0.0029
T03,0.8667,-11.3791,-0.4465,-0.0091
T03,0.8833,-11.8103,-0.4185,0.0021
T03,0.9,-12.4817,-0.3897,0.0034
T03,0.9167,-12.5206,-0.3599,0.0321
T03,0.9333,-13.0657,-0.3294,-0.0176
T03,0.95,-13.3186,-0.2982,-0.0303
T03,0.9667,-13.6154,-0.2663,-0.0068
T03,0.9833,-13.8961,-0.2339,-0.028
T03,1.0,-13.4571,-0.201,0.0175
T03,1.0167,-13.7832,-0.1677,-0.0179
T03,1.0333,-13.8008,-0.134,-0.0237
T03,1.05,-14.5324,-0.1001,-0.0219
T03,1.0667,-14.344,-0.0659,0.0018
T03,1.0833,-14.6547,-0.0317,-0.0157
T03,1.1,-14.5402,0.0025,-0.0254
T03,1.1167,-14.5571,0.0367,0.0208
T03,1.1333,-14.0653,0.0708,-0.0296
T03,1.15,-14.2998,0.1047,-0.0117
T03,1.1667,-13.8821,0.1383,0.0007
T03,1.1833,-13.8183,0.1715,-0.0448
T03,1.2,-13.2904,0.2044,-0.0024
T03,1.2167,-13.828,0.2367,-0.0329
T03,1.2333,-13.0307,0.2684,0.0049
T03,1.25,-12.774,0.2995,-0.0306
T03,1.2667,-12.8895,0.3299,0.0028
T03,1.2833,-12.1565,0.3594,0.0113
T03,1.3,-11.9261,0.3882,0.0068
T03,1.3167,-11.6475,0.416,-0.0051
T03,1.3333,-11.3497,0.4428,-0.0144
T03,1.35,-10.8867,0.4686,-0.0209
T03,1.3667,-9.8671,0.4933,0.0205
T03,1.3833,-9.7883,0.5169,-0.0225
T03,1.4,-9.1218,0.5392,-0.0288
T03,1.4167,-8.9057,0.5603,0.0057
T03,1.4333,-8.3537,0.5801,-0.0231
T03,1.45,-7.4136,0.5986,-0.0257
T03,1.4667,-7.3155,0.6156,-0.035
T03,1.4833,-6.529,0.6313,-0.0153
T03,1.5,-5.8256,0.6455,-0.0067
T03,1.5167,-5.1841,0.6582,0.0003
T03,1.5333,-4.6052,0.6694,0.015
T03,1.55,-3.8436,0.6791,0.0071
T03,1.5667,-3.1294,0.6873,-0.0067
T03,1.5833,-2.4597,0.6938,-0.0062
T03,1.6,-2.1373,0.6988,0.0085
T03,1.6167,-1.327,0.7022,0.0243
T03,1.6333,-0.3591,0.704,0.002
T03,1.65,0.2535,0.7042,-0.0093
T03,1.6667,0.4716,0.7027,-0.0192
T03,1.6833,1.4856,0.6997,-0.0277
T03,1.7,1.6847,0.6951,0.0151
T03,1.7167,2.7492,0.689,0.014
T03,1.7333,3.7719,0.6813,0.0145
T03,1.75,3.8467,0.672,0.0009
T03,1.7667,4.5035,0.6613,0.0322
T03,1.7833,5.4458,0.649,-0.0051
T03,1.8,5.5943,0.6353,0.0243
T03,1.8167,6.372,0.6202,0.0049
T03,1.8333,7.1981,0.6036,-0.006
T03,1.85,7.5154,0.5858,0.0185
T03,1.8667,8.1405,0.5666,0.0153
T03,1.8833,8.8626,0.5461,0.0147
T03,1.9,9.3039,0.5245,0.0097
T03,1.9167,9.7571,0.5017,0.0077
T03,1.9333,10.0975,0.4777,0.0566
T03,1.95,10.6773,0.4527,0.0329
T03,1.9667,10.9918,0.4268,0.0241
T03,1.9833,11.496,0.3998,0.0122
T03,2.0,11.6665,0.372,0.0304
T03,2.0167,12.0636,0.3434,0.0209
T03,2.0333,12.2086,0.3141,0.0114
T03,2.05,12.6775,0.2841,0.005
T03,2.0667,12.7711,0.2534,0.0097
T03,2.0833,12.9296,0.2223,-0.0519
T03,2.1,13.3931,0.1906,0.0159
T03,2.1167,13.5424,0.1586,0.002
T03,2.1333,13.7841,0.1263,0.0437
T03,2.15,13.6379,0.0937,0.0124
T03,2.1667,13.8711,0.0609,-0.0117
T03,2.1833,13.9335,0.028,0.0111
T03,2.2,13.9149,-0.0049,-0.0089
T03,2.2167,13.6319,-0.0377,0.0215
T03,2.2333,13.7668,-0.0704,0.0178
T03,2.25,13.7185,-0.1029,0.0311
T03,2.2667,13.525,-0.1352,-0.004
T03,2.2833,12.9537,-0.167,0.0123
T03,2.3,13.2203,-0.1985,-0.0158
T03,2.3167,13.4182,-0.2295,0.0254
T03,2.3333,12.662,-0.2599,0.0215
T03,2.35,12.3182,-0.2897,0.0208
T03,2.3667,12.2402,-0.3188,0.0106
T03,2.3833,11.9026,-0.3472,0.0186
T03,2.4,11.7267,-0.3747,0.0421
T03,2.4167,10.859,-0.4013,0.004
T03,2.4333,10.8546,-0.427,0.0121
T03,2.45,10.4003,-0.4517,-0.0127
T03,2.4667,9.8048,-0.4753,-0.0088
T03,2.4833,9.4303,-0.4979,0.0101
T03,2.5,9.0771,-0.5192,0.0298
T03,2.5167,8.5348,-0.5394,0.0022
T03,2.5333,7.6025,-0.5583,0.0021
T03,2.55,7.4488,-0.5759,-0.0018
T03,2.5667,6.7096,-0.5922,-0.0048
T03,2.5833,6.1604,-0.6072,0.0113
T03,2.6,5.5704,-0.6207,-0.0251
T03,2.6167,4.9239,-0.6328,0.0299
T03,2.6333,4.5799,-0.6435,-0.0095
T03,2.65,3.7033,-0.6527,0.0177
T03,2.6667,2.867,-0.6604,-0.0227
T03,2.6833,2.3768,-0.6666,0.0155
T03,2.7,1.8511,-0.6712,0.015
T03,2.7167,1.4177,-0.6744,0.0087
T03,2.7333,0.6471,-0.676,-0.0194
T03,2.75,-0.2894,-0.676,0.0049
T03,2.7667,-0.267,-0.6746,-0.0243
T03,2.7833,-1.3532,-0.6716,-0.0063
T03,2.8,-1.7893,-0.667,0.0188
T03,2.8167,-2.7075,-0.661,0.0136
T03,2.8333,-3.1964,-0.6535,-0.0026
T03,2.85,-3.7528,-0.6445,-0.0229
T03,2.8667,-4.285,-0.6341,0.009
T03,2.8833,-4.9141,-0.6222,-0.0041
T03,2.9,-5.5358,-0.6089,-0.0514
T03,2.9167,-6.3441,-0.5943,0.0102
T03,2.9333,-6.9514,-0.5783,-0.0065
T03,2.95,-7.3103,-0.5611,0.0176
T03,2.9667,-7.7125,-0.5426,-0.0288
T03,2.9833,-8.4474,-0.5229,-0.0709
T03,3.0,-8.6739,-0.502,-0.0022
T03,3.0167,-9.0598,-0.48,-0.0023
T03,3.0333,-9.9751,-0.4569,-0.0424
T03,3.05,-10.3779,-0.4329,-0.0285
T03,3.0667,-10.6337,-0.4079,0.0458
T03,3.0833,-10.9146,-0.3819,-0.0157
T03,3.1,-11.4262,-0.3552,0.0047
T03,3.1167,-11.3699,-0.3277,-0.0232
T03,3.1333,-11.8477,-0.2995,-0.0522
T03,3.15,-12.1894,-0.2706,-0.014
T03,3.1667,-12.7212,-0.2411,-0.0162
T03,3.1833,-12.9055,-0.2112,-0.019
T03,3.2,-12.7654,-0.1808,-0.0135
T03,3.2167,-13.3981,-0.15,-0.006
T03,3.2333,-12.8895,-0.1189,-0.0144
T03,3.25,-13.2141,-0.0876,-0.0368
T03,3.2667,-12.5944,-0.0561,-0.0018
T03,3.2833,-12.8118,-0.0246,-0.0506
T03,3.3,-13.3098,0.007,-0.0526
T03,3.3167,-13.2649,0.0385,0.0032
T03,3.3333,-12.9845,0.0699,-0.0014
T03,3.35,-12.7532,0.1011,-0.0126
T03,3.3667,-13.3021,0.132,-0.0392
T03,3.3833,-13.1831,0.1626,-0.0254
T03,3.4,-12.7726,0.1928,-0.0163
T03,3.4167,-12.3255,0.2225,-0.0428
T03,3.4333,-12.1086,0.2517,-0.0254
T03,3.45,-11.7325,0.2803,0.0026
T03,3.4667,-11.8981,0.3081,0.0184
T03,3.4833,-11.807,0.3353,-0.0183
T03,3.5,-10.8325,0.3617,0.0055
T03,3.5167,-10.8054,0.3872,-0.0476
T03,3.5333,-10.6555,0.4118,0.0042
T03,3.55,-9.812,0.4354,-0.0247
T03,3.5667,-9.2498,0.458,-0.0021
T03,3.5833,-8.9794,0.4796,-0.0128
T03,3.6,-8.5734,0.5,0.019
T03,3.6167,-8.0218,0.5193,-0.0245
T03,3.6333,-7.5547,0.5373,0.006
T03,3.65,-7.2245,0.5542,-0.0117
T03,3.6667,-6.5569,0.5697,-0.0088
T03,3.6833,-5.755,0.584,-0.0088
T03,3.7,-5.2276,0.5969,-0.0215
T03,3.7167,-4.6796,0.6084,-0.0044
T03,3.7333,-4.3236,0.6185,-0.0049
T03,3.75,-3.5636,0.6272,0.0017
T03,3.7667,-3.3582,0.6345,-0.0009
T03,3.7833,-2.2766,0.6404,0.0139
T03,3.8,-1.4116,0.6447,0.017
T03,3.8167,-1.3742,0.6476,-0.022
T03,3.8333,-0.5768,0.6491,0.017
T03,3.85,0.2262,0.649,-0.0236
T03,3.8667,1.0298,0.6475,0.0124
T03,3.8833,1.3059,0.6445,0.0136
T03,3.9,1.8695,0.6401,-0.0365
T03,3.9167,2.2213,0.6342,0.0041
T03,3.9333,3.2361,0.6268,-0.0066
T03,3.95,4.2162,0.6181,-0.0119
T03,3.9667,4.4463,0.608,0.0308
T03,3.9833,4.9587,0.5965,-0.0087
T03,4.0,5.5879,0.5837,-0.0113
T03,4.0167,6.0684,0.5695,0.0068
T03,4.0333,6.4407,0.5541,0.0195
T03,4.05,7.2849,0.5374,0.0034
T03,4.0667,7.6657,0.5196,0.03
T03,4.0833,8.1063,0.5006,0.0177
T03,4.1,8.3711,0.4804,-0.0361
T03,4.1167,9.2702,0.4592,-0.0027
T03,4.1333,9.5647,0.437,-0.003
T03,4.15,9.7216,0.4139,0.0182
T03,4.1667,10.4102,0.3898,-0.0436
T03,4.1833,10.4642,0.3648,0.0602
T03,4.2,10.7369,0.3391,0.0201
T03,4.2167,11.0458,0.3126,0.0127
T03,4.2333,11.1222,0.2855,0.0336
T03,4.25,11.8229,0.2577,0.0571
T03,4.2667,11.5877,0.2294,0.0278
T03,4.2833,11.9062,0.2006,0.0296
T03,4.3,11.9068,0.1714,0.0134
T03,4.3167,12.4466,0.1418,0.008
T03,4.3333,12.5472,0.112,0.0015
T03,4.35,12.5967,0.0819,-0.0055
T03,4.3667,12.5095,0.0517,-0.0026
T03,4.3833,12.5106,0.0214,-0.0159
T03,4.4,12.8359,-0.009,0.0096
T03,4.4167,12.6021,-0.0392,-0.0226
T03,4.4333,12.7158,-0.0693,0.0149
T03,4.45,12.3872,-0.0993,0.0102
T03,4.4667,12.4837,-0.129,0.0138
T03,4.4833,12.5633,-0.1583,0.0003
T03,4.5,12.2473,-0.1873,0.0721
T03,4.5167,11.8477,-0.2157,0.0376
T03,4.5333,11.7549,-0.2437,-0.0147
T03,4.55,11.4024,-0.2711,0.0146
T03,4.5667,11.1734,-0.2978,-0.0024
T03,4.5833,10.803,-0.3238,-0.0108
T03,4.6,10.5073,-0.3491,-0.0176
T03,4.6167,10.2311,-0.3735,0.0175
T03,4.6333,9.6159,-0.3971,-0.0051
T03,4.65,9.2154,-0.4197,0.0276
T03,4.6667,8.724,-0.4413,0.0277
T03,4.6833,8.2449,-0.4619,0.035
T03,4.7,7.8658,-0.4815,-0.01
T03,4.7167,7.6676,-0.4999,0.0162
T03,4.7333,6.9669,-0.5172,0.0189
T03,4.75,6.7423,-0.5332,-0.0037
T03,4.7667,6.1262,-0.5481,-0.0101
T03,4.7833,5.192,-0.5616,0.0371
T03,4.8,5.1711,-0.5739,0.0089
T03,4.8167,4.646,-0.5849,0.0166
T03,4.8333,3.7192,-0.5945,-0.013
T03,4.85,3.428,-0.6028,-0.0215
T03,4.8667,2.5917,-0.6097,-0.009
T03,4.8833,2.1961,-0.6152,-0.0006
T03,4.9,1.333,-0.6193,-0.0199
T03,4.9167,0.6337,-0.622,0.0007
T03,4.9333,0.3207,-0.6232,-0.0334
T03,4.95,-0.2227,-0.6231,-0.0226
T03,4.9667,-0.8715,-0.6215,0.0127
T03,4.9833,-1.6203,-0.6185,0.0109
T03,5.0,-2.0511,-0.6142,-0.0096
T03,5.0167,-2.4997,-0.6084,-0.0226
T03,5.0333,-3.1385,-0.6013,-0.0233
T03,5.05,-3.6612,-0.5928,-0.0107
T03,5.0667,-4.3907,-0.583,0.0092
T03,5.0833,-4.571,-0.5718,0.0144
T03,5.1,-5.5777,-0.5594,-0.0146
T03,5.1167,-5.7693,-0.5457,-0.0282
T03,5.1333,-6.1408,-0.5309,-0.0002
T03,5.15,-6.7762,-0.5148,-0.0225
T03,5.1667,-7.392,-0.4975,-0.0168
T03,5.1833,-7.9189,-0.4792,0.0197
T03,5.2,-8.0495,-0.4598,0.0093
T03,5.2167,-8.9655,-0.4394,-0.0044
T03,5.2333,-9.2789,-0.418,-0.0334
T03,5.25,-9.5472,-0.3957,-0.004
T03,5.2667,-9.581,-0.3725,0.0127
T03,5.2833,-10.0907,-0.3485,-0.0164
T03,5.3,-10.675,-0.3237,0.0179
T03,5.3167,-10.8339,-0.2983,0.0165
T03,5.3333,-11.1604,-0.2722,0.0236
T03,5.35,-11.4197,-0.2455,-0.0037
T03,5.3667,-11.2964,-0.2182,0.0017
T03,5.3833,-11.9546,-0.1905,0.0181
T03,5.4,-11.5198,-0.1625,-0.0014
T03,5.4167,-11.8102,-0.134,-0.0205
T03,5.4333,-11.8645,-0.1054,-0.0195
T03,5.45,-12.2547,-0.0765,-0.0058
T03,5.4667,-12.2437,-0.0474,-0.0365
T03,5.4833,-12.5242,-0.0184,-0.0135
T03,5.5,-12.3386,0.0108,0.0113
T03,5.5167,-12.1032,0.0398,-0.0545
T03,5.5333,-11.8834,0.0687,0.0201
T03,5.55,-12.2772,0.0974,0.0119
T03,5.5667,-12.0148,0.1259,-0.0196
T03,5.5833,-11.831,0.1541,0.0006
T03,5.6,-11.9122,0.1818,-0.0101
T03,5.6167,-11.321,0.2091,0.0146
T03,5.6333,-11.3645,0.236,0.0099
T03,5.65,-11.014,0.2622,-0.0376
T03,5.6667,-10.796,0.2878,0.0024
T03,5.6833,-10.5701,0.3127,-0.0132
T03,5.7,-10.0971,0.3369,-0.0072
T03,5.7167,-9.7997,0.3603,-0.0231
T03,5.7333,-9.4701,0.3829,0.0268
T03,5.75,-9.1598,0.4045,0.0129
T03,5.7667,-8.5485,0.4252,-0.0223
T03,5.7833,-7.8609,0.4449,-0.0338
T03,5.8,-7.7249,0.4636,-0.0145
T03,5.8167,-7.0978,0.4812,0.0023
T03,5.8333,-7.1032,0.4977,-0.0012
T03,5.85,-6.3068,0.5131,0.0195
T03,5.8667,-6.0573,0.5272,0.0107
T03,5.8833,-5.62,0.5402,0.0147
T03,5.9,-4.9479,0.5519,0.0023
T03,5.9167,-4.0268,0.5623,-0.0315
T03,5.9333,-3.5312,0.5714,-0.0072
T03,5.95,-3.121,0.5793,0.0184
T03,5.9667,-2.9179,0.5858,-0.0033
T03,5.9833,-2.0872,0.591,0.0083
T03,6.0,-1.4203,0.5948,-0.0077
T03,6.0167,-0.8755,0.5973,-0.0214
T03,6.0333,-0.708,0.5984,-0.0028
T03,6.05,0.0542,0.5982,0.0064
T03,6.0667,0.7897,0.5966,-0.0124
T03,6.0833,1.4774,0.5936,-0.0035
T03,6.1,1.4949,0.5893,-0.0171
T03,6.1167,2.4605,0.5837,0.0246
T03,6.1333,3.0739,0.5767,-0.0032
T03,6.15,3.7601,0.5685,0.0322
T03,6.1667,4.2648,0.559,0.0342
T03,6.1833,4.7688,0.5482,0.0024
T03,6.2,5.0071,0.5362,-0.0157
T03,6.2167,5.2879,0.523,-0.0368
T03,6.2333,6.0799,0.5086,-0.0241
T03,6.25,6.8332,0.4931,-0.0217
T03,6.2667,7.3703,0.4764,0.0338
T03,6.2833,7.6758,0.4588,0.0089
T03,6.3,8.044,0.4401,0.0147
T03,6.3167,8.44,0.4204,-0.0371
T03,6.3333,8.6392,0.3998,-0.0163
T03,6.35,9.0905,0.3783,0.0257
T03,6.3667,9.7952,0.356,0.014
T03,6.3833,9.5959,0.3329,0.0056
T03,6.4,10.4077,0.309,0.0201
T03,6.4167,10.2975,0.2845,0.0418
T03,6.4333,10.8803,0.2594,0.0048
T03,6.45,10.5628,0.2337,0.0109
T03,6.4667,11.1653,0.2076,0.0135
T03,6.4833,11.0794,0.181,0.0576
T03,6.5,11.0967,0.154,-0.0321
T03,6.5167,11.5504,0.1267,0.0237
T03,6.5333,11.8093,0.0991,0.0078
T03,6.55,11.5127,0.0714,0.0215
T03,6.5667,11.4295,0.0435,-0.0029
T03,6.5833,11.7318,0.0156,0.0093
T03,6.6,11.727,-0.0124,0.0245
T03,6.6167,11.8217,-0.0403,0.0725
T03,6.6333,11.8431,-0.068,0.0263
T03,6.65,11.556,-0.0956,-0.0069
T03,6.6667,11.8275,-0.1229,0.0015
T03,6.6833,11.3639,-0.1499,0.0008
T03,6.7,11.087,-0.1765,-0.0262
T03,6.7167,10.646,-0.2027,0.003
T03,6.7333,10.7032,-0.2284,0.024
T03,6.75,10.4517,-0.2536,-0.0163
T03,6.7667,10.4507,-0.2781,0.0299
T03,6.7833,10.0678,-0.302,0.0185
T03,6.8,9.4339,-0.3252,-0.0062
T03,6.8167,9.3771,-0.3476,0.0053
T03,6.8333,9.129,-0.3692,0.0398
T03,6.85,8.9323,-0.3899,0.0222
T03,6.8667,8.4172,-0.4097,0.0074
T03,6.8833,7.9866,-0.4286,0.0021
T03,6.9,7.4239,-0.4464,0.008
T03,6.9167,7.0507,-0.4632,-0.0042
T03,6.9333,6.7688,-0.479,-0.0364
T03,6.95,5.784,-0.4936,0.0461
T03,6.9667,5.4991,-0.5071,0.008
T03,6.9833,4.9209,-0.5195,0.0124
T03,7.0,4.6468,-0.5306,0.0028
T03,7.0167,4.3028,-0.5406,-0.0112
T03,7.0333,3.4145,-0.5493,-0.0006
T03,7.05,2.5257,-0.5567,-0.0294
T03,7.0667,2.385,-0.5629,0.0477
T03,7.0833,2.1089,-0.5677,-0.023
T03,7.1,1.4887,-0.5713,-0.0194
T03,7.1167,0.9194,-0.5736,-0.0081
T03,7.1333,0.2291,-0.5746,0.026
T03,7.15,-0.5193,-0.5742,0.0001
T03,7.1667,-0.7078,-0.5726,-0.0254
T03,7.1833,-1.5226,-0.5697,0.0239
T03,7.2,-1.46,-0.5655,0.013
T03,7.2167,-2.3188,-0.56,0.0086
T03,7.2333,-3.079,-0.5532,0.0117
T03,7.25,-3.6077,-0.5452,0.0448
T03,7.2667,-4.018,-0.536,0.0402
T03,7.2833,-4.5516,-0.5255,-0.0177
T03,7.3,-4.7737,-0.5139,0.0281
T03,7.3167,-5.4413,-0.5011,0.0029
T03,7.3333,-6.0934,-0.4872,0.0048
T03,7.35,-6.0234,-0.4723,-0.0394
T03,7.3667,-6.8309,-0.4562,-0.0094
T03,7.3833,-7.1102,-0.4392,-0.0226
T03,7.4,-7.7919,-0.4211,0.0099
T03,7.4167,-7.9859,-0.4022,0.0144
T03,7.4333,-8.3659,-0.3823,-0.0488
T03,7.45,-9.156,-0.3616,-0.0081
T03,7.4667,-8.7047,-0.3402,0.0145
T03,7.4833,-9.1581,-0.3179,-0.012
T03,7.5,-9.7825,-0.295,0.0061
T03,7.5167,-10.1879,-0.2714,-0.0017
T03,7.5333,-10.1395,-0.2473,-0.0021
T03,7.55,-10.4096,-0.2226,-0.0145
T03,7.5667,-10.5499,-0.1974,-0.0336
T03,7.5833,-10.7525,-0.1718,-0.0318
T03,7.6,-10.8346,-0.1459,0.0046
T03,7.6167,-10.7664,-0.1197,-0.0093
T03,7.6333,-11.0371,-0.0932,-0.0125
T03,7.65,-11.43,-0.0665,-0.0183
T03,7.6667,-10.9914,-0.0398,-0.0159
T03,7.6833,-10.954,-0.0129,0.0111
T03,7.7,-10.6443,0.0139,-0.0165
T03,7.7167,-11.4664,0.0406,-0.0366
T03,7.7333,-11.1347,0.0673,0.0051
T03,7.75,-11.5159,0.0937,-0.0138
T03,7.7667,-10.88,0.1199,-0.009
T03,7.7833,-10.9666,0.1458,0.0227
T03,7.8,-10.3142,0.1714,-0.0097
T03,7.8167,-10.6716,0.1965,-0.0034
T03,7.8333,-10.6486,0.2211,-0.0326
T03,7.85,-10.176,0.2452,-0.0132
T03,7.8667,-10.2253,0.2687,0.0036
T03,7.8833,-9.4064,0.2916,-0.0394
T03,7.9,-9.6746,0.3138,-0.0041
T03,7.9167,-8.9403,0.3353,-0.0058
T03,7.9333,-9.0261,0.3559,-0.0067
T03,7.95,-8.3199,0.3758,0.0135
T03,7.9667,-7.5543,0.3947,-0.0002
T03,7.9833,-7.4204,0.4128,0.023
T03,8.0,-7.2584,0.4298,-0.0261
T03,8.0167,-6.6694,0.4459,-0.0031
T03,8.0333,-6.2225,0.461,-0.0037
T03,8.05,-5.6809,0.475,-0.0264
T03,8.0667,-5.5856,0.4878,0.0145
T03,8.0833,-4.7191,0.4996,0.0423
T03,8.1,-4.8934,0.5102,-0.0041
T03,8.1167,-3.9841,0.5197,0.0067
T03,8.1333,-3.4533,0.5279,-0.0012
T03,8.15,-2.7194,0.535,-0.0168
T03,8.1667,-2.3262,0.5408,-0.0384
T03,8.1833,-2.0919,0.5454,-0.0157
T03,8.2,-1.4843,0.5487,-0.029
T03,8.2167,-0.7219,0.5508,0.0334
T03,8.2333,-0.2506,0.5517,-0.0025
T03,8.25,0.1761,0.5513,-0.0067
T03,8.2667,0.7211,0.5496,0.0185
T03,8.2833,1.4794,0.5467,-0.0213
T03,8.3,1.7558,0.5426,-0.0137
T03,8.3167,2.3561,0.5372,0.0034
T03,8.3333,3.316,0.5306,0.0231
T03,8.35,3.0984,0.5228,0.013
T03,8.3667,3.5056,0.5139,0.0083
T03,8.3833,4.5162,0.5038,0.0054
T03,8.4,4.6967,0.4925,0.0122
T03,8.4167,5.2302,0.4802,0.0087
T03,8.4333,5.5864,0.4668,-0.0156
T03,8.45,6.1259,0.4523,0.0063
T03,8.4667,6.9183,0.4368,-0.0157
T03,8.4833,7.1642,0.4204,0.0077
T03,8.5,7.565,0.403,-0.0032
T03,8.5167,7.4808,0.3848,0.0576
T03,8.5333,7.8873,0.3656,0.0063
T03,8.55,7.8843,0.3457,-0.0207
T03,8.5667,8.6052,0.325,0.005
T03,8.5833,9.2532,0.3036,0.0183
T03,8.6,9.439,0.2816,0.0416
T03,8.6167,9.5436,0.2589,-0.0034
T03,8.6333,9.8136,0.2357,-0.0231
T03,8.65,9.888,0.2119,0.0251
T03,8.6667,10.2513,0.1878,-0.0187
T03,8.6833,10.5248,0.1632,0.0003
T03,8.7,10.1859,0.1382,0.004
T03,8.7167,10.6825,0.113,0.0079
T03,8.7333,10.8983,0.0876,0.0231
T03,8.75,10.6936,0.062,-0.0043
T03,8.7667,10.957,0.0363,0.004
T03,8.7833,11.3954,0.0105,0.0092
T03,8.8,10.8027,-0.0152,0.0124
T03,8.8167,10.8688,-0.0409,0.0114
T03,8.8333,10.5846,-0.0665,0.0181
T03,8.85,10.6862,-0.0919,0.0262
T03,8.8667,10.6357,-0.117,0.0171
T03,8.8833,10.4526,-0.1418,0.0182
T03,8.9,10.0561,-0.1663,-0.0227
T03,8.9167,10.1247,-0.1904,0.0098
T03,8.9333,10.1765,-0.214,0.0182
T03,8.95,9.7523,-0.2371,0.023
T03,8.9667,9.6119,-0.2597,-0.0056
T03,8.9833,9.1078,-0.2816,-0.0052
T03,9.0,9.0205,-0.3029,-0.0037
T03,9.0167,8.622,-0.3234,0.0182
T03,9.0333,8.0524,-0.3432,0.0279
T03,9.05,7.9645,-0.3622,-0.0013
T03,9.0667,7.3431,-0.3803,0.0247
T03,9.0833,7.0388,-0.3975,0.0087
T03,9.1,6.8115,-0.4139,0.0034
T03,9.1167,6.4264,-0.4292,0.0013
T03,9.1333,5.7085,-0.4436,0.0201
T03,9.15,5.7235,-0.457,0.0113
T03,9.1667,5.1815,-0.4693,0.0499
T03,9.1833,4.4696,-0.4805,-0.013
T03,9.2,3.8366,-0.4906,0.014
T03,9.2167,3.6399,-0.4996,-0.0074
T03,9.2333,3.0967,-0.5074,-0.0146
T03,9.25,2.7188,-0.5141,0.0021
T03,9.2667,2.1284,-0.5196,0.0047
T03,9.2833,1.3,-0.5239,0.0598
T03,9.3,1.1211,-0.527,-0.0026
T03,9.3167,0.6327,-0.529,-0.022
T03,9.3333,0.3147,-0.5297,0.0056
T03,9.35,-0.4573,-0.5292,-0.0418
T03,9.3667,-0.4862,-0.5275,-0.0026
T03,9.3833,-1.7061,-0.5246,-0.0008
T03,9.4,-1.5597,-0.5206,0.0143
T03,9.4167,-2.3602,-0.5153,0.0175
T03,9.4333,-2.631,-0.5089,-0.0125
T03,9.45,-3.2676,-0.5014,-0.0059
T03,9.4667,-3.5282,-0.4927,-0.0186
T03,9.4833,-4.297,-0.4829,-0.0262
T03,9.5,-4.8926,-0.4721,0.0021
T03,9.5167,-4.8309,-0.4601,-0.0299
T03,9.5333,-5.5677,-0.4472,-0.0131
T03,9.55,-5.9175,-0.4332,-0.0251
T03,9.5667,-6.1177,-0.4183,0.0054
T03,9.5833,-6.959,-0.4024,0.0301
T03,9.6,-7.0056,-0.3857,-0.0322
T03,9.6167,-7.5981,-0.3681,-0.0436
T03,9.6333,-7.8446,-0.3497,-0.0093
T03,9.65,-8.1236,-0.3305,-0.0068
T03,9.6667,-8.7391,-0.3106,-0.003
T03,9.6833,-8.8764,-0.29,-0.0165
T03,9.7,-8.7118,-0.2688,-0.0119
T03,9.7167,-9.0454,-0.247,-0.0007
T03,9.7333,-9.4546,-0.2246,0.0126
T03,9.75,-9.5912,-0.2018,-0.0475
T03,9.7667,-9.8743,-0.1785,-0.0159
T03,9.7833,-9.6972,-0.1549,-0.0044
T03,9.8,-10.1389,-0.1309,-0.0272
T03,9.8167,-10.1597,-0.1067,0.0257
T03,9.8333,-10.0608,-0.0823,-0.0217
T03,9.85,-10.506,-0.0577,-0.0099
T03,9.8667,-10.0756,-0.033,0.0021
T03,9.8833,-10.7068,-0.0083,-0.0209
T03,9.9,-10.0645,0.0164,-0.046
T03,9.9167,-10.431,0.0411,-0.0176
T03,9.9333,-10.3477,0.0656,0.0116
T03,9.95,-10.5965,0.09,-0.0157
T03,9.9667,-10.2057,0.1141,-0.0258
T03,9.9833,-10.1962,0.1379,0.0098
T03,10.0,-9.9606,0.1614,-0.0152
T03,10.0167,-9.6954,0.1845,-0.0186
T03,10.0333,-9.2834,0.2072,-0.0053
T03,10.05,-9.2192,0.2293,0.0073
T03,10.0667,-8.9642,0.2509,0.0398
T03,10.0833,-8.9897,0.2719,0.0089
T03,10.1,-8.672,0.2923,0.0158
T03,10.1167,-7.8424,0.3119,-0.0173
T03,10.1333,-8.0373,0.3309,-0.0274
T03,10.15,-7.2295,0.349,-0.0054
T03,10.1667,-7.2632,0.3664,-0.0042
T03,10.1833,-6.8519,0.3829,-0.0276
T03,10.2,-6.261,0.3985,-0.0092
T03,10.2167,-5.8292,0.4132,0.0027
T03,10.2333,-5.701,0.4269,0.0023
T03,10.25,-5.3393,0.4396,0.0055
T03,10.2667,-4.8442,0.4514,0.0016
T03,10.2833,-4.3263,0.4621,-0.014
T03,10.3,-3.7671,0.4717,-0.0137
T03,10.3167,-3.4877,0.4802,-0.027
T03,10.3333,-2.9005,0.4877,0.0331
T03,10.35,-2.226,0.494,-0.002
T03,10.3667,-2.0017,0.4992,-0.0063
T03,10.3833,-1.5357,0.5033,-0.02
T03,10.4,-1.4189,0.5062,0.0577
T03,10.4167,-1.1564,0.508,-0.022
T03,10.4333,-0.0669,0.5086,-0.0087
T03,10.45,0.3218,0.508,0.0086
T03,10.4667,0.7219,0.5063,0.0127
T03,10.4833,1.3551,0.5035,0.0203
T03,10.5,1.7724,0.4995,0.0377
T03,10.5167,2.4834,0.4944,0.0121
T03,10.5333,2.7427,0.4881,-0.0187
T03,10.55,3.037,0.4808,-0.0024
T03,10.5667,3.8375,0.4724,0.0093
T03,10.5833,4.0404,0.4629,0.0449
T03,10.6,4.6236,0.4524,-0.024
T03,10.6167,4.8465,0.4409,0.0284
T03,10.6333,5.2239,0.4284,0.0083
T03,10.65,5.77,0.4149,0.0218
T03,10.6667,6.1415,0.4005,0.0033
T03,10.6833,6.6062,0.3852,-0.0112
T03,10.7,6.8126,0.3691,0.021
T03,10.7167,6.8391,0.3521,0.0194
T03,10.7333,7.4432,0.3344,0.026
T03,10.75,7.9943,0.3159,0.0066
T03,10.7667,8.0637,0.2968,-0.0049
T03,10.7833,8.3428,0.2769,-0.0239
T03,10.8,8.8388,0.2565,0.0239
T03,10.8167,8.7287,0.2355,0.0162
T03,10.8333,8.7717,0.214,-0.0114
T03,10.85,9.2364,0.1921,-0.0027
T03,10.8667,9.3388,0.1697,-0.0011
T03,10.8833,9.3878,0.147,-0.0213
T03,10.9,9.6694,0.124,-0.0079
T03,10.9167,9.9041,0.1007,-0.0141
T03,10.9333,9.8829,0.0773,0.0004
T03,10.95,10.0025,0.0537,-0.0061
T03,10.9667,10.3376,0.0299,-0.0238
T03,10.9833,9.9174,0.0062,0.0492
T03,11.0,10.0301,-0.0175,0.0338
T03,11.0167,9.8384,-0.0412,-0.0069
T03,11.0333,9.7142,-0.0647,0.0141
T03,11.05,9.6874,-0.0881,0.0169
T03,11.0667,9.6074,-0.1113,0.0323
T03,11.0833,9.6519,-0.1341,-0.008
T03,11.1,9.9051,-0.1566,0.0301
T03,11.1167,9.1262,-0.1788,-0.0029
T03,11.1333,8.9993,-0.2005,-0.0188
T03,11.15,8.8628,-0.2217,0.0222
T03,11.1667,8.7275,-0.2424,0.0334
T03,11.1833,8.4547,-0.2625,0.0591
T03,11.2,8.3936,-0.282,-0.0169
T03,11.2167,7.3682,-0.3009,0.0208
T03,11.2333,7.0754,-0.319,-0.0016
T03,11.25,7.136,-0.3364,0.022
T03,11.2667,7.1211,-0.353,-0.0234
T03,11.2833,6.2397,-0.3688,-0.0195
T03,11.3,5.588,-0.3837,-0.0101
T03,11.3167,5.927,-0.3977,0.0067
T03,11.3333,5.4719,-0.4108,-0.0081
T03,11.35,4.8037,-0.423,0.0176
T03,11.3667,4.4123,-0.4342,0.0246
T03,11.3833,3.9932,-0.4444,0.0156
T03,11.4,3.778,-0.4535,0.0357
T03,11.4167,3.1914,-0.4617,0.0112
T03,11.4333,2.9693,-0.4687,-0.0218
T03,11.45,1.8473,-0.4747,0.0294
T03,11.4667,1.7898,-0.4796,-0.0104
T03,11.4833,1.2749,-0.4835,0.0195
T03,11.5,0.9851,-0.4862,0.0324
T03,11.5167,0.4631,-0.4878,0.0096
T03,11.5333,0.2639,-0.4883,-0.0298
T03,11.55,-0.7335,-0.4877,-0.0187
T03,11.5667,-0.8171,-0.486,0.0257
T03,11.5833,-1.1767,-0.4832,-0.0045
T03,11.6,-1.3757,-0.4792,0.0001
T03,11.6167,-2.2975,-0.4743,0.0133
T03,11.6333,-2.5849,-0.4682,0.0116
T03,11.65,-3.4525,-0.4611,0.0029
T03,11.6667,-4.0046,-0.4529,-0.0073
T03,11.6833,-3.7832,-0.4438,-0.0097
T03,11.7,-4.3696,-0.4336,0.0133
T03,11.7167,-4.5388,-0.4225,0.0069
T03,11.7333,-5.4438,-0.4104,-0.0097
T03,11.75,-5.4476,-0.3974,0.0168
T03,11.7667,-5.5472,-0.3835,-0.0077
T03,11.7833,-6.1925,-0.3687,-0.0225
T03,11.8,-6.5619,-0.3532,-0.021
T03,11.8167,-6.9408,-0.3369,-0.0256
T03,11.8333,-7.5659,-0.3198,-0.0118
T03,11.85,-7.273,-0.302,0.0181
T03,11.8667,-7.9411,-0.2835,-0.0229
T03,11.8833,-7.9749,-0.2645,-0.0033
T03,11.9,-8.6265,-0.2448,-0.0204
T03,11.9167,-8.7688,-0.2246,-0.0127
T03,11.9333,-8.4452,-0.204,-0.0378
T03,11.95,-8.981,-0.1829,-0.0122
T03,11.9667,-8.7797,-0.1614,-0.0118
T03,11.9833,-9.2241,-0.1395,0.0028
T03,12.0,-9.6938,-0.1174,-0.0037
T03,12.0167,-9.2427,-0.0951,-0.0322
T03,12.0333,-9.6133,-0.0725,0.0134
T03,12.05,-9.4081,-0.0498,-0.0041
T03,12.0667,-9.5736,-0.0271,-0.0044
T03,12.0833,-9.8963,-0.0043,-0.0086
T03,12.1,-9.5421,0.0185,-0.0187
T03,12.1167,-9.1013,0.0412,-0.004
T03,12.1333,-9.3859,0.0638,0.0012
T03,12.15,-9.4185,0.0863,-0.0431
T03,12.1667,-9.0931,0.1084,-0.0189
T03,12.1833,-9.1463,0.1304,-0.0131
T03,12.2,-9.0061,0.152,-0.0028
T03,12.2167,-9.1055,0.1732,0.0161
T03,12.2333,-8.6596,0.194,-0.023
T03,12.25,-8.2989,0.2144,-0.0174
T03,12.2667,-8.4539,0.2342,-0.0175
T03,12.2833,-7.7638,0.2535,-0.0231
T03,12.3,-7.8112,0.2721,-0.0137
T03,12.3167,-7.6971,0.2902,0.0089
T03,12.3333,-7.03,0.3075,-0.0274
T03,12.35,-6.9809,0.3242,0.0025
T03,12.3667,-6.4503,0.34,-0.0398
T03,12.3833,-6.3246,0.3551,-0.0167
T03,12.4,-5.9284,0.3694,-0.0118
T03,12.4167,-5.455,0.3828,0.0287
T03,12.4333,-5.1206,0.3953,-0.01
T03,12.45,-5.1917,0.4069,-0.0482
T03,12.4667,-4.6202,0.4176,-0.0438
T03,12.4833,-3.804,0.4273,-0.0028
T03,12.5,-3.6016,0.4361,0.0092
T03,12.5167,-3.2577,0.4438,0.0048
T03,12.5333,-2.9958,0.4505,0.001
T03,12.55,-2.5055,0.4562,0.0212
T03,12.5667,-2.2547,0.4608,-0.0124
T03,12.5833,-1.4277,0.4644,0.0167
T03,12.6,-1.0817,0.4669,-0.0335
T03,12.6167,-0.7082,0.4684,-0.0185
T03,12.6333,-0.0807,0.4688,-0.0362
T03,12.65,0.453,0.4681,-0.0052
T03,12.6667,1.2448,0.4664,-0.0002
T03,12.6833,0.9673,0.4636,0.0034
T03,12.7,1.9416,0.4598,0.0027
T03,12.7167,2.34,0.4549,-0.0167
T03,12.7333,2.4199,0.4491,-0.0016
T03,12.75,3.0402,0.4421,-0.0273
T03,12.7667,3.3246,0.4342,0.0302
T03,12.7833,3.8615,0.4254,-0.0027
T03,12.8,4.5253,0.4155,-0.0061
T03,12.8167,4.7336,0.4048,0.0358
T03,12.8333,5.0923,0.3931,-0.0205
T03,12.85,5.2708,0.3806,-0.0178
T03,12.8667,5.4137,0.3672,-0.0169
T03,12.8833,6.0091,0.353,0.0039
T03,12.9,6.6182,0.338,0.0142
T03,12.9167,6.3827,0.3222,0.0206
T03,12.9333,6.7728,0.3058,0.0575
T03,12.95,7.2886,0.2887,-0.0387
T03,12.9667,7.3291,0.2709,0.0187
T03,12.9833,7.6127,0.2525,-0.0044
T03,13.0,7.9138,0.2336,-0.0047
T03,13.0167,7.9343,0.2142,-0.0052
T03,13.0333,8.2026,0.1944,-0.0108
T03,13.05,8.7088,0.1741,0.0412
T03,13.0667,8.4577,0.1534,0.0245
T03,13.0833,8.5306,0.1324,0.0082
T03,13.1,8.835,0.1112,0.0348
T03,13.1167,9.1978,0.0897,-0.0224
T03,13.1333,9.0817,0.068,-0.0187
T03,13.15,9.0771,0.0462,-0.0356
T03,13.1667,9.2069,0.0244,-0.006
T03,13.1833,8.856,0.0025,0.0113
T03,13.2,9.2903,-0.0194,0.0101
T03,13.2167,9.2335,-0.0412,0.011
T03,13.2333,9.0196,-0.0629,-0.0203
T03,13.25,9.2267,-0.0844,0.0239
T03,13.2667,8.7037,-0.1057,0.0126
T03,13.2833,9.0383,-0.1267,0.0224
T03,13.3,8.7073,-0.1474,-0.0303
T03,13.3167,8.4533,-0.1678,0.0137
T03,13.3333,8.3416,-0.1877,-0.0165
T03,13.35,8.1304,-0.2072,-0.0008
T03,13.3667,8.184,-0.2262,0.0176
T03,13.3833,7.4948,-0.2447,0.0086
T03,13.4,7.3107,-0.2626,-0.0105
T03,13.4167,7.4069,-0.2799,0.0064
T03,13.4333,6.801,-0.2965,-0.0246
T03,13.45,6.8052,-0.3124,0.0288
T03,13.4667,6.6554,-0.3276,0.0014
T03,13.4833,5.9116,-0.342,0.0276
T03,13.5,5.7914,-0.3556,-0.0056
T03,13.5167,5.0752,-0.3685,-0.0058
T03,13.5333,5.0961,-0.3804,-0.011
T03,13.55,4.6135,-0.3915,0.0215
T03,13.5667,4.2867,-0.4017,-0.0105
T03,13.5833,3.6725,-0.4109,0.0162
T03,13.6,3.0707,-0.4192,-0.0047
T03,13.6167,3.0976,-0.4266,-0.0369
T03,13.6333,2.1721,-0.433,-0.0092
T03,13.65,2.1037,-0.4384,-0.0217
T03,13.6667,1.9335,-0.4427,0.0022
T03,13.6833,1.3582,-0.4461,-0.0227
T03,13.7,1.2816,-0.4485,0.0193
T03,13.7167,0.6676,-0.4498,-0.0014
T03,13.7333,-0.0981,-0.4501,-0.0035
T03,13.75,-0.3913,-0.4494,0.0128
T03,13.7667,-0.8343,-0.4477,0.0186
T03,13.7833,-1.5668,-0.4449,-0.0015
T03,13.8,-1.8607,-0.4412,-0.0169
T03,13.8167,-2.2027,-0.4364,-0.0373
T03,13.8333,-2.9105,-0.4307,-0.0159
T03,13.85,-2.9003,-0.424,-0.0149
T03,13.8667,-3.3589,-0.4163,-0.0007
T03,13.8833,-4.0351,-0.4077,-0.0101
T03,13.9,-4.0022,-0.3982,0.0102
T03,13.9167,-4.3126,-0.3878,-0.0161
T03,13.9333,-4.7725,-0.3766,-0.0053
T03,13.95,-5.2336,-0.3645,0.0192
T03,13.9667,-5.3891,-0.3516,0.002
T03,13.9833,-5.6971,-0.3379,-0.0063
T03,14.0,-6.0837,-0.3234,-0.0174
T03,14.0167,-6.6079,-0.3082,-0.0183
T03,14.0333,-6.6704,-0.2924,-0.0229
T03,14.05,-6.7538,-0.2759,-0.0169
T03,14.0667,-7.3632,-0.2588,0.0088
T03,14.0833,-7.0585,-0.2411,-0.011
T03,14.1,-7.8001,-0.223,-0.0337
T03,14.1167,-7.8877,-0.2043,0.0285
T03,14.1333,-8.2098,-0.1852,-0.0006
T03,14.15,-8.1931,-0.1657,-0.0353
T03,14.1667,-8.7298,-0.1458,-0.0162
T03,14.1833,-8.615,-0.1256,-0.0052
T03,14.2,-8.8292,-0.1052,0.0266
T03,14.2167,-8.669,-0.0846,-0.0298
T03,14.2333,-8.5626,-0.0638,0.0119
T03,14.25,-8.6778,-0.0428,0.0203
T03,14.2667,-9.3068,-0.0218,-0.0203
T03,14.2833,-8.4294,-0.0008,-0.0133
T03,14.3,-8.764,0.0202,-0.0284
T03,14.3167,-8.9437,0.0411,-0.0117
T03,14.3333,-8.7024,0.0619,-0.0084
T03,14.35,-8.6242,0.0825,0.0056
T03,14.3667,-8.6989,0.103,0.0143
T03,14.3833,-8.4127,0.1231,-0.0223
T03,14.4,-8.4415,0.143,-0.0466
T03,14.4167,-8.2499,0.1625,-0.0076
T03,14.4333,-8.1369,0.1816,-0.0011
T03,14.45,-8.0989,0.2003,-0.0018
T03,14.4667,-7.5784,0.2185,-0.0132
T03,14.4833,-7.2687,0.2362,-0.004
T03,14.5,-7.0445,0.2534,0.0241
T03,14.5167,-6.7292,0.2699,0.0016
T03,14.5333,-6.5588,0.2858,-0.0132
T03,14.55,-6.446,0.301,-0.0155
T03,14.5667,-5.8732,0.3156,-0.0087
T03,14.5833,-6.001,0.3294,0.0277
T03,14.6,-5.5854,0.3424,-0.0084
T03,14.6167,-5.262,0.3546,-0.0048
T03,14.6333,-4.5059,0.3661,-0.0138
T03,14.65,-4.1759,0.3766,0.0182
T03,14.6667,-3.9001,0.3863,0.0357
T03,14.6833,-3.4076,0.3952,0.0059
T03,14.7,-3.4145,0.4031,-0.0012
T03,14.7167,-2.7787,0.4101,-0.0018
T03,14.7333,-2.4773,0.4161,-0.0498
T03,14.75,-1.8816,0.4212,0.0131
T03,14.7667,-1.6686,0.4253,0.0012
T03,14.7833,-1.3139,0.4285,0.0075
T03,14.8,-0.7177,0.4307,-0.015
T03,14.8167,-0.2384,0.4319,-0.0081
T03,14.8333,-0.1345,0.4321,-0.0082
T03,14.85,0.3992,0.4314,0.0208
T03,14.8667,0.6105,0.4296,-0.0069
T03,14.8833,0.731,0.4269,0.0427
T03,14.9,1.6759,0.4233,0.01
T03,14.9167,2.1585,0.4186,-0.0237
T03,14.9333,2.4849,0.4131,-0.0004
T03,14.95,2.4324,0.4066,-0.0106
T03,14.9667,3.1351,0.3992,-0.0411
T03,14.9833,3.1367,0.3908,0.0351
T03,15.0,4.2209,0.3816,0.0175
T03,15.0167,4.0869,0.3716,0.0144
T03,15.0333,4.9022,0.3607,0.0074
T03,15.05,5.1763,0.349,-0.0233
T03,15.0667,5.1312,0.3366,-0.005
T03,15.0833,5.3966,0.3234,0.0217
T03,15.1,5.9918,0.3095,-0.0159
T03,15.1167,6.0377,0.2948,-0.0452
T03,15.1333,6.4975,0.2796,0.0011
T03,15.15,6.6358,0.2637,0.003
T03,15.1667,6.6159,0.2472,0.0088
T03,15.1833,6.7497,0.2303,0.0208
T03,15.2,7.4482,0.2128,0.0192
T03,15.2167,7.4805,0.1948,0.0118
T03,15.2333,7.6548,0.1764,0.0307
T03,15.25,8.0593,0.1577,-0.0235
T03,15.2667,8.2913,0.1386,0.0171
T03,15.2833,8.1202,0.1192,0.0197
T03,15.3,8.206,0.0996,-0.0176
T03,15.3167,8.4546,0.0797,-0.0228
T03,15.3333,8.1446,0.0597,-0.0076
T03,15.35,8.5029,0.0396,-0.0058
T03,15.3667,8.5916,0.0195,0.0225
T03,15.3833,8.621,-0.0007,-0.0049
T03,15.4,8.0821,-0.0209,-0.0097
T03,15.4167,8.2824,-0.0409,-0.0049
T03,15.4333,8.2052,-0.0609,0.0297
T03,15.45,8.3281,-0.0807,0.0075
T03,15.4667,8.3127,-0.1003,0.0036
T03,15.4833,8.4058,-0.1197,0.0049
T03,15.5,7.8791,-0.1387,0.0328
T03,15.5167,7.7323,-0.1574,-0.0081
T03,15.5333,7.8978,-0.1757,0.033
T03,15.55,7.5461,-0.1936,0.0107
T03,15.5667,7.5425,-0.2111,0.0032
T03,15.5833,7.1326,-0.228,0.0562
T03,15.6,6.6135,-0.2445,-0.0151
T03,15.6167,6.3331,-0.2603,-0.0013
T03,15.6333,6.0295,-0.2755,-0.0191
T03,15.65,6.1983,-0.2901,0.0243
T03,15.6667,6.0163,-0.304,0.0388
T03,15.6833,5.8483,-0.3172,0.0382
T03,15.7,5.3349,-0.3296,0.029
T03,15.7167,5.0753,-0.3413,0.0003
T03,15.7333,4.3926,-0.3522,-0.0034
T03,15.75,3.9334,-0.3623,-0.0298
T03,15.7667,3.9817,-0.3716,0.044
T03,15.7833,3.5341,-0.38,0.0124
T03,15.8,3.1035,-0.3875,-0.0071
T03,15.8167,2.7844,-0.3942,0.0289
T03,15.8333,2.3908,-0.3999,-0.0174
T03,15.85,2.1973,-0.4047,0.0098
T03,15.8667,1.81,-0.4086,-0.0021
T03,15.8833,1.2673,-0.4116,0.0138
T03,15.9,0.9329,-0.4136,-0.0006
T03,15.9167,0.4706,-0.4147,-0.0287
T03,15.9333,-0.1207,-0.4149,0.0015
T03,15.95,-0.2729,-0.4141,0.0206
T03,15.9667,-1.0974,-0.4124,-0.0013
T03,15.9833,-0.9997,-0.4097,0.0144
T03,16.0,-1.8381,-0.4061,-0.0223
T03,16.0167,-1.9266,-0.4016,-0.0023
T03,16.0333,-2.5324,-0.3962,-0.0146
T03,16.05,-2.6265,-0.3899,0.0126
T03,16.0667,-3.1111,-0.3827,-0.0021
T03,16.0833,-3.7829,-0.3746,0.0108
T03,16.1,-3.7311,-0.3657,0.0184
T03,16.1167,-4.2731,-0.356,0.0102
T03,16.1333,-4.3136,-0.3455,0.0015
T03,16.15,-4.8113,-0.3343,-0.0242
T03,16.1667,-5.043,-0.3223,-0.0045
T03,16.1833,-5.612,-0.3095,-0.0154
T03,16.2,-5.8242,-0.2961,-0.0119
T03,16.2167,-6.0705,-0.282,-0.0127
T03,16.2333,-6.066,-0.2673,-0.025
T03,16.25,-6.146,-0.252,-0.0448
T03,16.2667,-6.8716,-0.2362,-0.0192
T03,16.2833,-6.7087,-0.2198,-0.0022
T03,16.3,-7.5556,-0.203,-0.0332
T03,16.3167,-7.5417,-0.1857,-0.0061
T03,16.3333,-7.659,-0.1681,0.0315
T03,16.35,-7.885,-0.15,0.0138
T03,16.3667,-8.061,-0.1317,0.0261
T03,16.3833,-7.7738,-0.113,0.001
T03,16.4,-7.9933,-0.0942,0.0164
T03,16.4167,-7.9505,-0.0751,-0.0215
T03,16.4333,-7.9459,-0.0559,-0.0199
T03,16.45,-8.0701,-0.0366,-0.0619
T03,16.4667,-8.0124,-0.0173,0.0166
T03,16.4833,-8.16,0.0021,0.0237
T03,16.5,-8.3672,0.0215,-0.0182
T03,16.5167,-7.8836,0.0407,-0.0121
T03,16.5333,-8.1599,0.0599,-0.0221
T03,16.55,-8.158,0.0789,0.0007
T03,16.5667,-7.9172,0.0977,0.0156
T03,16.5833,-7.9572,0.1162,-0.0416
T03,16.6,-7.7336,0.1345,0.0015
T03,16.6167,-7.4396,0.1524,-0.0121
T03,16.6333,-7.2802,0.17,-0.0041
T03,16.65,-7.3543,0.1872,0.0029
T03,16.6667,-7.0812,0.2039,-0.0099
T03,16.6833,-6.562,0.2201,-0.008
T03,16.7,-6.4557,0.2358,-0.01
T03,16.7167,-5.9035,0.251,0.0139
T03,16.7333,-5.832,0.2656,0.0031
T03,16.75,-5.5752,0.2795,-0.0007
T03,16.7667,-5.8048,0.2928,-0.0302
T03,16.7833,-5.0854,0.3054,-0.0121
T03,16.8,-4.9482,0.3174,0.0137
T03,16.8167,-4.7364,0.3285,-0.0033
T03,16.8333,-4.2711,0.3389,0.0094
T03,16.85,-3.7848,0.3486,0.0319
T03,16.8667,-3.5342,0.3574,0.0176
T03,16.8833,-3.4627,0.3654,-0.001
T03,16.9,-2.7842,0.3726,-0.0128
T03,16.9167,-2.6996,0.3789,-0.0533
T03,16.9333,-2.1628,0.3843,-0.0053
T03,16.95,-1.8963,0.3889,-0.0081
T03,16.9667,-1.5052,0.3926,0.0065
T03,16.9833,-0.9311,0.3954,-0.004
T03,17.0,-0.9133,0.3973,-0.007
T03,17.0167,0.064,0.3982,-0.0359
T03,17.0333,-0.3088,0.3983,-0.0188
T03,17.05,0.3158,0.3975,0.0099
T03,17.0667,0.8878,0.3958,0.035
T03,17.0833,1.3067,0.3931,-0.0009
T03,17.1,1.5427,0.3896,0.0079
T03,17.1167,1.9203,0.3852,0.0207
T03,17.1333,2.378,0.3799,-0.0142
T03,17.15,2.6081,0.3738,0.0097
T03,17.1667,3.2849,0.3669,-0.0122
T03,17.1833,3.5189,0.3591,0.0202
T03,17.2,3.8623,0.3505,0.0062
T03,17.2167,3.8224,0.3411,0.0095
T03,17.2333,4.3181,0.331,-0.0119
T03,17.25,4.5821,0.3201,0.0182
T03,17.2667,4.7383,0.3085,0.046
T03,17.2833,5.2971,0.2962,-0.0156
T03,17.3,5.391,0.2833,-0.002
T03,17.3167,5.8902,0.2698,0.0097
T03,17.3333,5.7924,0.2556,0.021
T03,17.35,6.5835,0.2409,-0.0057
T03,17.3667,6.2793,0.2256,-0.051
T03,17.3833,6.7064,0.2099,0.033
T03,17.4,7.0095,0.1937,0.0212
T03,17.4167,6.9098,0.1771,-0.0287
T03,17.4333,7.351,0.1601,-0.0059
T03,17.45,7.0748,0.1428,0.0378
T03,17.4667,7.7345,0.1251,0.0355
T03,17.4833,7.5532,0.1072,0.0254
T03,17.5,7.5201,0.0891,0.0031
T03,17.5167,7.6512,0.0708,0.0084
T03,17.5333,7.9268,0.0523,0.0042
T03,17.55,7.6845,0.0338,0.0294
T03,17.5667,7.67,0.0152,-0.0107
T03,17.5833,7.7764,-0.0034,-0.0093
T03,17.6,7.5684,-0.022,0.027
T03,17.6167,8.1333,-0.0405,0.0059
T03,17.6333,7.6037,-0.0589,0.0343
T03,17.65,7.8136,-0.0771,-0.0068
T03,17.6667,7.6022,-0.0951,0.0055
T03,17.6833,7.2594,-0.1129,-0.0119
T03,17.7,7.3344,-0.1304,0.0065
T03,17.7167,7.3551,-0.1476,-0.0233
T03,17.7333,7.0072,-0.1645,-0.0036
T03,17.75,7.1142,-0.1809,-0.0227
T03,17.7667,6.8953,-0.1969,0.0197
T03,17.7833,6.6752,-0.2125,0.02
T03,17.8,6.1854,-0.2275,-0.0291
T03,17.8167,5.8333,-0.242,0.032
T03,17.8333,5.685,-0.256,0.055
T03,17.85,5.5926,-0.2693,0.0058
T03,17.8667,5.3958,-0.2821,-0.0082
T03,17.8833,4.574,-0.2941,0.0609
T03,17.9,4.7173,-0.3055,-0.0223
T03,17.9167,4.4509,-0.3162,0.0043
T03,17.9333,4.0544,-0.3261,0.0072
T03,17.95,4.0498,-0.3353,0.0302
T03,17.9667,3.5494,-0.3437,0.0102
T03,17.9833,3.3931,-0.3514,-0.0072
